"model","design","term","estimate","std.error","statistic","p.value"
1,"SRS","(Intercept)",42.7824157483747,3.6764978833856,11.6367306892007,1.17305040078909e-28
1,"SRS","X1",0.00193346626227674,0.00190923527135195,1.01269146411046,0.312950952753454
1,"SRS","RIAGENDRFemale",12.276878066309,1.42481439172582,8.61647533714095,1.25787820096263e-17
1,"SRS","RIDAGEYR",0.727880882810607,0.0435094073169287,16.7292759818266,2.09271356164582e-59
1,"SRS","RIDRETH1Mexican American",-14.6391710523897,2.96845262824045,-4.93158318011194,8.72315719877378e-07
1,"SRS","RIDRETH1Other Hispanic",-10.5222221343425,2.45209563124609,-4.29111409859469,1.85075783310305e-05
1,"SRS","RIDRETH1Non-Hispanic Black",-18.8310275776617,2.41157039920773,-7.80861615478785,8.64892025346649e-15
1,"SRS","RIDRETH1Other Race (Including Multi-Racial)",-6.46016018787567,2.42984190510849,-2.65867510733675,0.00789875746670891
1,"SRS","DMDEDUC2< 9th Grade",-7.40031432773304,3.89119557987031,-1.90180991313207,0.0573174328259003
1,"SRS","DMDEDUC29-11th Grade",-15.1754673957435,3.08628877767656,-4.91706009674441,9.39069306086195e-07
1,"SRS","DMDEDUC2High School Grad/GED or Equivalent",-7.13523386085085,1.93982733655648,-3.67828297209024,0.000240126108949447
1,"SRS","DMDEDUC2Some College or AA Degree",-2.70192794047766,1.69863035422587,-1.59065092281895,0.111821839626326
2,"SRS","(Intercept)",73.4433341930665,1.06233323040369,69.1339893087572,0
2,"SRS","X2",-0.000864193148574555,0.00224311397060763,-0.385264930760721,0.700620989938324
2,"SRS","RIAGENDRFemale",3.16844474023769,0.495508409063791,6.39433091806478,1.94122777732967e-10
2,"SRS","RIDAGEYR",-0.120862000449617,0.0150800278737003,-8.01470670093398,1.7175824056358e-15
2,"SRS","RIDRETH1Mexican American",-2.74910545648781,1.03887391512399,-2.64623590646197,0.00819331167416464
2,"SRS","RIDRETH1Other Hispanic",0.499767071559451,0.850649059731412,0.587512636194825,0.556915593201054
2,"SRS","RIDRETH1Non-Hispanic Black",-0.8983031473093,0.850511944600115,-1.05619110115103,0.290991997131747
2,"SRS","RIDRETH1Other Race (Including Multi-Racial)",0.681188061262344,0.843009918655141,0.808042759863428,0.419147436985788
2,"SRS","DMDEDUC2< 9th Grade",1.29710821499488,1.35916200658838,0.954344080181241,0.340006876596541
2,"SRS","DMDEDUC29-11th Grade",3.22335874565594,1.07658107722295,2.99406966539912,0.00278133119243135
2,"SRS","DMDEDUC2High School Grad/GED or Equivalent",2.55967470926862,0.675029183232359,3.79194673778649,0.000153231052818677
2,"SRS","DMDEDUC2Some College or AA Degree",2.68701644671325,0.594614932663258,4.51891854561775,6.52205867690083e-06
3,"SRS","(Intercept)",44.1354250404969,1.62302210939695,27.1933603276026,5.35501917797639e-99
3,"SRS","X3",0.0686443791544806,0.0275451412815746,2.49206850866283,0.0139460986705353
3,"SRS","RIAGENDRFemale",9.18032054929327,0.61010568485509,15.0470988505438,2.09756175355275e-48
3,"SRS","RIDAGEYR",0.119805722109111,0.0184255484108153,6.50215230710791,9.92453983923467e-11
3,"SRS","RIDRETH1Mexican American",-3.48416795337151,1.23018037180217,-2.83224154216291,0.00466195954107765
3,"SRS","RIDRETH1Other Hispanic",-1.26934837445316,1.06356058505534,-1.1934894845573,0.232832760434482
3,"SRS","RIDRETH1Non-Hispanic Black",3.15480472257477,1.01204771602155,3.11724899195129,0.00184914821068528
3,"SRS","RIDRETH1Other Race (Including Multi-Racial)",0.190773145215463,1.01410427661924,0.188119850802179,0.85080013652142
3,"SRS","DMDEDUC2< 9th Grade",-5.80669048993934,1.6358867054036,-3.54956762638812,0.000393896312881043
3,"SRS","DMDEDUC29-11th Grade",-5.13015383919835,1.28733083122671,-3.98510912250099,6.95952299336356e-05
3,"SRS","DMDEDUC2High School Grad/GED or Equivalent",-3.43836893204177,0.797726934712686,-4.31020789498622,1.69878088316548e-05
3,"SRS","DMDEDUC2Some College or AA Degree",-3.4375262625547,0.706133267038889,-4.86809844970155,1.20280913461148e-06
4,"SRS","(Intercept)",13.5042336679103,1.7861129266899,7.56068301511982,5.83926131218664e-14
4,"SRS","X4",-0.00637953379710134,0.040178999633054,-0.158777815659031,0.87419321214512
4,"SRS","RIAGENDRFemale",-2.43054155510894,0.869083900473759,-2.79667078608175,0.00520605727787219
4,"SRS","RIDAGEYR",-0.00699155310197333,0.0263496260466925,-0.26533784918177,0.790772329535739
4,"SRS","RIDRETH1Mexican American",3.49688661970192,1.82238437009073,1.91885239859021,0.0551245359442295
4,"SRS","RIDRETH1Other Hispanic",3.26604938769557,1.50017261614179,2.17711572158631,0.0295731131895443
4,"SRS","RIDRETH1Non-Hispanic Black",0.430582030656584,1.48279442111276,0.29038552109837,0.771547519801229
4,"SRS","RIDRETH1Other Race (Including Multi-Racial)",-0.893327674639051,1.47254428907246,-0.606655895695842,0.54413761667299
4,"SRS","DMDEDUC2< 9th Grade",1.32219172565877,2.38994174631981,0.553231779684493,0.580157553273843
4,"SRS","DMDEDUC29-11th Grade",2.94922388514613,1.88640184207342,1.56341232253278,0.118089922185213
4,"SRS","DMDEDUC2High School Grad/GED or Equivalent",3.13759738329241,1.17715565046664,2.66540570233735,0.00774188577283786
4,"SRS","DMDEDUC2Some College or AA Degree",2.24864053038176,1.03796490454332,2.16639360400254,0.030380636795829
5,"SRS","(Intercept)",367.262111590606,26.8976641360553,13.6540522527495,3.03425361179372e-36
5,"SRS","X5",0.0263135267019037,0.057524896830334,0.457428490128609,0.64813065497416
5,"SRS","RIAGENDRFemale",28.437096963713,10.3256635530603,2.75402126145053,0.00594784553237756
5,"SRS","RIDAGEYR",3.48127538719511,0.29864518991145,11.6568942169379,1.48978518128205e-30
5,"SRS","RIDRETH1Mexican American",-49.0771609897606,20.3671894707876,-2.40961871838779,0.0160452381641997
5,"SRS","RIDRETH1Other Hispanic",-63.0932649922759,16.6729844307074,-3.78416145318737,0.00015806282010532
5,"SRS","RIDRETH1Non-Hispanic Black",-105.624072814835,16.4779688777369,-6.4100177393551,1.75130437350305e-10
5,"SRS","RIDRETH1Other Race (Including Multi-Racial)",-56.0881816293112,16.4871956639746,-3.40192369717956,0.000680240540346122
5,"SRS","DMDEDUC2< 9th Grade",-17.0895863699407,26.8271254713942,-0.637026370498148,0.524170008734792
5,"SRS","DMDEDUC29-11th Grade",-42.4711436458541,21.6149488678299,-1.96489678997414,0.0495509395400806
5,"SRS","DMDEDUC2High School Grad/GED or Equivalent",-16.4592781425234,13.3502841098944,-1.23287849210076,0.217746705591102
5,"SRS","DMDEDUC2Some College or AA Degree",7.58206286386799,11.8915365538321,0.637601610989846,0.523798390902344
1,"ETS (PC1*)","(Intercept)",43.3086501214508,3.63449599747668,11.9159988486763,5.8242883989046e-30
1,"ETS (PC1*)","X1",0.00155910302170636,0.00194673972196604,0.800879030778596,0.424522248484579
1,"ETS (PC1*)","RIAGENDRFemale",12.2472143627795,1.42984438320037,8.5654176822844,1.9464897679616e-17
1,"ETS (PC1*)","RIDAGEYR",0.725451165388106,0.0432967942965272,16.7553089593585,1.31725377051919e-59
1,"ETS (PC1*)","RIDRETH1Mexican American",-14.6726824481176,2.9674510966936,-4.94454060741429,8.16738549427302e-07
1,"ETS (PC1*)","RIDRETH1Other Hispanic",-10.4878995137217,2.46670507536804,-4.25178494926347,2.20581985516507e-05
1,"ETS (PC1*)","RIDRETH1Non-Hispanic Black",-18.8705851470589,2.40880049472687,-7.83401746569244,7.09482296811036e-15
1,"ETS (PC1*)","RIDRETH1Other Race (Including Multi-Racial)",-6.77811901948216,2.40823644153103,-2.81455711847504,0.00492487448882904
1,"ETS (PC1*)","DMDEDUC2< 9th Grade",-7.31623261927593,3.89895718348578,-1.87645882603281,0.0607156869009544
1,"ETS (PC1*)","DMDEDUC29-11th Grade",-15.2621603422355,3.07807899489277,-4.9583393953043,7.61329480856582e-07
1,"ETS (PC1*)","DMDEDUC2High School Grad/GED or Equivalent",-7.20896904757248,1.9360460603294,-3.72355244809927,0.000201071563864284
1,"ETS (PC1*)","DMDEDUC2Some College or AA Degree",-2.66083593498442,1.69859299649001,-1.56649411629673,0.117366698311366
2,"ETS (PC1*)","(Intercept)",73.551341951416,1.06183464473186,69.2681693108529,0
2,"ETS (PC1*)","X2",-0.0015811124495958,0.00227163247326684,-0.696024761136647,0.487678605702268
2,"ETS (PC1*)","RIAGENDRFemale",3.16265645715088,0.493122676838759,6.41352873371305,1.7126258772071e-10
2,"ETS (PC1*)","RIDAGEYR",-0.120640572159052,0.0150753811097538,-8.00248904361012,1.89218413128818e-15
2,"ETS (PC1*)","RIDRETH1Mexican American",-2.83615354455044,1.04715671616434,-2.70843275010361,0.00680986761234944
2,"ETS (PC1*)","RIDRETH1Other Hispanic",0.454168911625398,0.853278570097469,0.532263351666641,0.594594000067972
2,"ETS (PC1*)","RIDRETH1Non-Hispanic Black",-0.974549939441784,0.860383232862495,-1.13269285385706,0.257467731701668
2,"ETS (PC1*)","RIDRETH1Other Race (Including Multi-Racial)",0.63682373680922,0.847364206011203,0.751534856312778,0.452406800622138
2,"ETS (PC1*)","DMDEDUC2< 9th Grade",1.30656041260061,1.3580976622346,0.962051882521333,0.336121685079868
2,"ETS (PC1*)","DMDEDUC29-11th Grade",3.24372994075494,1.07519090273199,3.01688744995221,0.00258100253893623
2,"ETS (PC1*)","DMDEDUC2High School Grad/GED or Equivalent",2.58069782073781,0.672470943540838,3.83763468968542,0.000127477375091757
2,"ETS (PC1*)","DMDEDUC2Some College or AA Degree",2.74604635250868,0.602701743161478,4.55622765931332,5.48369725176578e-06
3,"ETS (PC1*)","(Intercept)",46.3880200185982,1.59184133514153,29.1411078444409,6.74450410319132e-117
3,"ETS (PC1*)","X3",0.0117586125382876,0.0272484704856921,0.431532938498766,0.666685214075746
3,"ETS (PC1*)","RIAGENDRFemale",8.84703762991096,0.607727804998387,14.5575659977158,8.85125170825799e-46
3,"ETS (PC1*)","RIDAGEYR",0.110906541910073,0.01806035872196,6.14088256039007,9.62948702484704e-10
3,"ETS (PC1*)","RIDRETH1Mexican American",-3.56379379200171,1.24516551659372,-2.86210447085848,0.00424643169664416
3,"ETS (PC1*)","RIDRETH1Other Hispanic",-1.99660445851192,1.0491968856414,-1.90298359234201,0.0571815962715582
3,"ETS (PC1*)","RIDRETH1Non-Hispanic Black",2.77229519176778,0.998949688824107,2.77521002587341,0.0055603875580105
3,"ETS (PC1*)","RIDRETH1Other Race (Including Multi-Racial)",-0.161642036686704,0.998930326658295,-0.161815126013285,0.871465306486784
3,"ETS (PC1*)","DMDEDUC2< 9th Grade",-6.44139353331315,1.60925340422381,-4.00272170710119,6.45405720352898e-05
3,"ETS (PC1*)","DMDEDUC29-11th Grade",-4.97789027283233,1.27395085220258,-3.90744294744642,9.58893602634537e-05
3,"ETS (PC1*)","DMDEDUC2High School Grad/GED or Equivalent",-3.46266987962689,0.796797040442753,-4.34573637184044,1.44667593786561e-05
3,"ETS (PC1*)","DMDEDUC2Some College or AA Degree",-3.30075310113438,0.705115203427246,-4.68115434909205,3.01427879396778e-06
4,"ETS (PC1*)","(Intercept)",14.2449965023094,1.78495503126221,7.9805912489774,2.30344880558783e-15
4,"ETS (PC1*)","X4",-0.0646753943952497,0.0268696905635845,-2.40700183138327,0.0170592276372824
4,"ETS (PC1*)","RIAGENDRFemale",-2.87115422424726,0.883842163877706,-3.24849202899595,0.00117788497515081
4,"ETS (PC1*)","RIDAGEYR",-0.00736971137885362,0.0263696798285977,-0.279476710629654,0.779903650251297
4,"ETS (PC1*)","RIDRETH1Mexican American",3.18406018007389,1.8223476036053,1.74722987742547,0.0807294263961677
4,"ETS (PC1*)","RIDRETH1Other Hispanic",2.98554914149518,1.49032418889305,2.00328838768478,0.0452614893341332
4,"ETS (PC1*)","RIDRETH1Non-Hispanic Black",0.475904238993141,1.46773289483244,0.324244445749423,0.745781871099562
4,"ETS (PC1*)","RIDRETH1Other Race (Including Multi-Racial)",-0.798017206009826,1.47565362429116,-0.540788971662071,0.588704745258352
4,"ETS (PC1*)","DMDEDUC2< 9th Grade",1.23125546015663,2.38162897644725,0.516980382894623,0.605218710572683
4,"ETS (PC1*)","DMDEDUC29-11th Grade",3.15044604002728,1.8821393991082,1.67386434900625,0.0942900284521778
4,"ETS (PC1*)","DMDEDUC2High School Grad/GED or Equivalent",2.78401815424069,1.18757051969739,2.34429712430895,0.0191475504126211
4,"ETS (PC1*)","DMDEDUC2Some College or AA Degree",2.19095429122622,1.04059724972747,2.10547768774138,0.0353563096998697
5,"ETS (PC1*)","(Intercept)",377.007611374769,24.593471204153,15.329581100821,4.30779014093253e-46
5,"ETS (PC1*)","X5",-0.00514595282077507,0.0550684330858185,-0.0934465088693486,0.925690047014402
5,"ETS (PC1*)","RIAGENDRFemale",26.4263007208453,9.87645995674887,2.67568550235324,0.00751251645398747
5,"ETS (PC1*)","RIDAGEYR",3.4618339740717,0.295517393572639,11.7144846610214,7.5034722093282e-31
5,"ETS (PC1*)","RIDRETH1Mexican American",-48.4393349035034,20.3286617242493,-2.3828098258786,0.0172594809519915
5,"ETS (PC1*)","RIDRETH1Other Hispanic",-63.2343709057933,16.6513073273469,-3.79756193689018,0.000149799287712398
5,"ETS (PC1*)","RIDRETH1Non-Hispanic Black",-104.864672384911,16.4301938678323,-6.38243670333184,2.08959784406639e-10
5,"ETS (PC1*)","RIDRETH1Other Race (Including Multi-Racial)",-55.9926593656488,16.5953185235382,-3.37400329413568,0.000752903664895937
5,"ETS (PC1*)","DMDEDUC2< 9th Grade",-18.9016849638789,26.6674115095136,-0.70879338840726,0.478522510866666
5,"ETS (PC1*)","DMDEDUC29-11th Grade",-44.997316056464,21.1454786635034,-2.12798758413203,0.0334414534533713
5,"ETS (PC1*)","DMDEDUC2High School Grad/GED or Equivalent",-17.6930966149588,13.3126367580541,-1.32904524749799,0.183963304796884
5,"ETS (PC1*)","DMDEDUC2Some College or AA Degree",6.12002554630337,11.8005643287511,0.518621429942331,0.604074739296212
1,"ETS (PC1*)","(Intercept)",42.8013754392529,3.5475612393881,12.0650138365576,4.1759053961511e-31
1,"ETS (PC1*)","X1",0.00199251414159426,0.00180648371568948,1.10297929856167,0.271592544239269
1,"ETS (PC1*)","RIAGENDRFemale",12.3197788802746,1.43129577859999,8.60743045880081,1.3694567160242e-17
1,"ETS (PC1*)","RIDAGEYR",0.726313871355784,0.0433442554675785,16.7568657834962,1.32113272625648e-59
1,"ETS (PC1*)","RIDRETH1Mexican American",-14.6418970982571,2.96841225612322,-4.93256860399154,8.67945699473306e-07
1,"ETS (PC1*)","RIDRETH1Other Hispanic",-10.3887070692143,2.46644952443316,-4.21200878684181,2.62906110020608e-05
1,"ETS (PC1*)","RIDRETH1Non-Hispanic Black",-18.8376534135207,2.40762018012173,-7.82417989724954,7.65471928044664e-15
1,"ETS (PC1*)","RIDRETH1Other Race (Including Multi-Racial)",-6.77888915232035,2.40767128655731,-2.81553764841935,0.00490992850139684
1,"ETS (PC1*)","DMDEDUC2< 9th Grade",-7.25999693117157,3.89537021284077,-1.86375017892769,0.0624807831615085
1,"ETS (PC1*)","DMDEDUC29-11th Grade",-15.2590176164101,3.07927960670046,-4.9553855334237,7.72924584025976e-07
1,"ETS (PC1*)","DMDEDUC2High School Grad/GED or Equivalent",-7.15115568915279,1.93771607023047,-3.69050749953384,0.000228921425086687
1,"ETS (PC1*)","DMDEDUC2Some College or AA Degree",-2.66573611167802,1.7006994523656,-1.56743515614714,0.117147170138703
2,"ETS (PC1*)","(Intercept)",73.596961808109,1.05690690783598,69.6342897018231,0
2,"ETS (PC1*)","X2",-0.00182158821916844,0.00205154986026197,-0.887908334304798,0.375929252584597
2,"ETS (PC1*)","RIAGENDRFemale",3.15475173917746,0.4941563536016,6.38411651734198,2.07161051217138e-10
2,"ETS (PC1*)","RIDAGEYR",-0.120666060130927,0.0150739898528322,-8.00491849264818,1.85624550624804e-15
2,"ETS (PC1*)","RIDRETH1Mexican American",-2.84947557897964,1.04589923716123,-2.72442648176479,0.00648943551148591
2,"ETS (PC1*)","RIDRETH1Other Hispanic",0.443408977234117,0.853064850952222,0.519783433509384,0.603263449747471
2,"ETS (PC1*)","RIDRETH1Non-Hispanic Black",-0.990932376940845,0.853985896863066,-1.16036152421348,0.246023276470299
2,"ETS (PC1*)","RIDRETH1Other Race (Including Multi-Racial)",0.619020342362763,0.846479120513837,0.731288377186433,0.464676250783246
2,"ETS (PC1*)","DMDEDUC2< 9th Grade",1.30188860059787,1.35773963235762,0.958864696567215,0.337724654754549
2,"ETS (PC1*)","DMDEDUC29-11th Grade",3.24136741999813,1.0751899130269,3.0146929214328,0.00259967566677316
2,"ETS (PC1*)","DMDEDUC2High School Grad/GED or Equivalent",2.57698080077341,0.672715382636181,3.83071484210001,0.000131095441035857
2,"ETS (PC1*)","DMDEDUC2Some College or AA Degree",2.74977861251204,0.599824308903839,4.58430672397585,4.79722036057654e-06
3,"ETS (PC1*)","(Intercept)",46.4126857464839,1.60037159973121,29.0011930693341,2.62667228715287e-114
3,"ETS (PC1*)","X3",0.0113063304041144,0.0277060475934426,0.408081678412707,0.683801900561108
3,"ETS (PC1*)","RIAGENDRFemale",8.8489154796244,0.610873459758388,14.4856767604936,2.64903181669974e-45
3,"ETS (PC1*)","RIDAGEYR",0.11067245050386,0.0180660525431521,6.12598962831037,1.05629087872837e-09
3,"ETS (PC1*)","RIDRETH1Mexican American",-3.57460235650638,1.24243235590321,-2.87710018136781,0.00405022159254317
3,"ETS (PC1*)","RIDRETH1Other Hispanic",-2.00825994590687,1.04476069808411,-1.92222003525749,0.0547125998459281
3,"ETS (PC1*)","RIDRETH1Non-Hispanic Black",2.77199288663475,1.00009695734082,2.7717241476319,0.0056201485427839
3,"ETS (PC1*)","RIDRETH1Other Race (Including Multi-Racial)",-0.166474294492093,0.998122290378274,-0.166787472934806,0.867551547505083
3,"ETS (PC1*)","DMDEDUC2< 9th Grade",-6.44132086336048,1.60933429225425,-4.00247536783542,6.4607495211704e-05
3,"ETS (PC1*)","DMDEDUC29-11th Grade",-4.97293651059484,1.2742983807385,-3.90248986090123,9.78621313240741e-05
3,"ETS (PC1*)","DMDEDUC2High School Grad/GED or Equivalent",-3.46636442518911,0.796571815221646,-4.35160315611292,1.40877513507667e-05
3,"ETS (PC1*)","DMDEDUC2Some College or AA Degree",-3.30201395055323,0.706384794858514,-4.67452580319854,3.11293747502932e-06
4,"ETS (PC1*)","(Intercept)",14.2921507181931,1.7849160573304,8.00718367650805,1.86687106069994e-15
4,"ETS (PC1*)","X4",-0.067083816513448,0.0250102449354535,-2.68225347998702,0.00783897248651079
4,"ETS (PC1*)","RIAGENDRFemale",-2.88952176571361,0.882383176667154,-3.27467912140802,0.00107429912795951
4,"ETS (PC1*)","RIDAGEYR",-0.00762884050290303,0.0264438095447981,-0.288492491597291,0.772995521051623
4,"ETS (PC1*)","RIDRETH1Mexican American",3.22390243598316,1.81926378348267,1.77209180177904,0.0765096399118426
4,"ETS (PC1*)","RIDRETH1Other Hispanic",2.9908938643408,1.4902524688374,2.0069712527798,0.0448676967024243
4,"ETS (PC1*)","RIDRETH1Non-Hispanic Black",0.506332005899315,1.46734416036439,0.345066971727735,0.730074931769169
4,"ETS (PC1*)","RIDRETH1Other Race (Including Multi-Racial)",-0.798049096211427,1.47359902614658,-0.541564619717687,0.588170052767352
4,"ETS (PC1*)","DMDEDUC2< 9th Grade",1.24093770371947,2.37727898154468,0.521999190399245,0.601720048820904
4,"ETS (PC1*)","DMDEDUC29-11th Grade",3.18887881275868,1.88414874762173,1.69247720849208,0.090687694613039
4,"ETS (PC1*)","DMDEDUC2High School Grad/GED or Equivalent",2.7359406917105,1.19034280671054,2.29844770454919,0.0216262572152919
4,"ETS (PC1*)","DMDEDUC2Some College or AA Degree",2.17534937026731,1.04217527696362,2.08731623015007,0.0369684075415277
5,"ETS (PC1*)","(Intercept)",379.610785919621,24.9273021914194,15.228715205703,4.66389100934704e-45
5,"ETS (PC1*)","X5",-0.0144075129595805,0.0561847880006348,-0.256430850276016,0.79803108686781
5,"ETS (PC1*)","RIAGENDRFemale",26.0750579521224,9.89917142487945,2.63406469420141,0.00849666769868082
5,"ETS (PC1*)","RIDAGEYR",3.45625248592866,0.295749227229582,11.68642947373,1.02843826683983e-30
5,"ETS (PC1*)","RIDRETH1Mexican American",-48.5357672835015,20.3328527646551,-2.38706136543083,0.017061685173267
5,"ETS (PC1*)","RIDRETH1Other Hispanic",-63.2622453820559,16.6450343028227,-3.80066776860458,0.000147942503815087
5,"ETS (PC1*)","RIDRETH1Non-Hispanic Black",-104.889312326338,16.4307500237738,-6.38372029119625,2.07252641639894e-10
5,"ETS (PC1*)","RIDRETH1Other Race (Including Multi-Racial)",-55.5763220751636,16.6038975100773,-3.34718532449583,0.000829310589447254
5,"ETS (PC1*)","DMDEDUC2< 9th Grade",-19.0226566126016,26.6592511242369,-0.713548048441144,0.475577015554992
5,"ETS (PC1*)","DMDEDUC29-11th Grade",-45.3489003499157,21.1678389133948,-2.14234908605712,0.0322676911853296
5,"ETS (PC1*)","DMDEDUC2High School Grad/GED or Equivalent",-17.9632028449418,13.3523549730033,-1.34532094759772,0.178654195872139
5,"ETS (PC1*)","DMDEDUC2Some College or AA Degree",5.82932073597487,11.799974429645,0.494011302374512,0.62134550896805
1,"SRS","(Intercept)",43.3753699500042,3.75384332831739,11.5549228234431,6.4280212554386e-28
1,"SRS","X1",0.00153003868422101,0.00215315563130757,0.710602922507674,0.478656693122333
1,"SRS","RIAGENDRFemale",12.3434352322558,1.47008882885861,8.39638734064751,8.53213713601259e-17
1,"SRS","RIDAGEYR",0.723003815376629,0.0431300041343202,16.7633606786814,1.09963711925803e-59
1,"SRS","RIDRETH1Mexican American",-14.5113609187206,2.98866491602148,-4.85546601123762,1.28063283820511e-06
1,"SRS","RIDRETH1Other Hispanic",-10.3384324615554,2.52267455495748,-4.09820301284549,4.32491523050358e-05
1,"SRS","RIDRETH1Non-Hispanic Black",-18.9037716264196,2.41215264367621,-7.83688862973844,6.94951113265793e-15
1,"SRS","RIDRETH1Other Race (Including Multi-Racial)",-6.57821336277798,2.42607996243481,-2.71145776917266,0.00674801639278695
1,"SRS","DMDEDUC2< 9th Grade",-7.29627661213449,3.90930610939339,-1.86638661899686,0.0621121330603558
1,"SRS","DMDEDUC29-11th Grade",-15.1450701962969,3.09141651762809,-4.89907138359895,1.02850335160238e-06
1,"SRS","DMDEDUC2High School Grad/GED or Equivalent",-7.1639649438088,1.94880373280402,-3.67608334447358,0.000242268273575175
1,"SRS","DMDEDUC2Some College or AA Degree",-2.79002579075772,1.70605121468818,-1.63537047817622,0.10210566720944
2,"SRS","(Intercept)",73.428951242363,1.12213216811683,65.436989802718,0
2,"SRS","X2",-0.000532285730645186,0.0023674470816777,-0.224835323570562,0.822486835000283
2,"SRS","RIAGENDRFemale",3.16396975501379,0.500311664967761,6.32399757302813,3.06123201558612e-10
2,"SRS","RIDAGEYR",-0.121271425150239,0.0150633772582421,-8.05074606253283,1.28938590221722e-15
2,"SRS","RIDRETH1Mexican American",-2.76453910802617,1.05435844238335,-2.62201069095344,0.00879964635438775
2,"SRS","RIDRETH1Other Hispanic",0.482916312695649,0.870626908635445,0.554676530102355,0.579172352180391
2,"SRS","RIDRETH1Non-Hispanic Black",-0.902743802593837,0.875704247265829,-1.03087749706871,0.302722275581118
2,"SRS","RIDRETH1Other Race (Including Multi-Racial)",0.673704231270093,0.847127605357933,0.795280695622516,0.426531052899825
2,"SRS","DMDEDUC2< 9th Grade",1.29778581237904,1.35813450252822,0.955565012127419,0.339389436480386
2,"SRS","DMDEDUC29-11th Grade",3.24873020723951,1.07705539818011,3.01630743667303,0.00258597137937838
2,"SRS","DMDEDUC2High School Grad/GED or Equivalent",2.58697190470638,0.672536862773616,3.84658752241093,0.000122937181162625
2,"SRS","DMDEDUC2Some College or AA Degree",2.67745843863491,0.594562167251126,4.5032438761009,7.01780748429814e-06
3,"SRS","(Intercept)",46.4236297755944,1.61740424150397,28.7025522651199,1.02420258794641e-107
3,"SRS","X3",0.0114285968391764,0.0288555050110392,0.396062963888664,0.692717384834719
3,"SRS","RIAGENDRFemale",8.85596418485092,0.620081627679109,14.2819328771241,6.37690136062973e-44
3,"SRS","RIDAGEYR",0.110642437698901,0.0181004958783116,6.1126743953725,1.14838390704935e-09
3,"SRS","RIDRETH1Mexican American",-3.63357124435875,1.23054874900188,-2.95280560587787,0.00318007091898828
3,"SRS","RIDRETH1Other Hispanic",-2.07777427381806,1.01262588258662,-2.05186763398804,0.0402935997265162
3,"SRS","RIDRETH1Non-Hispanic Black",2.76838737452614,1.00477818090061,2.75522242336588,0.00591125991348646
3,"SRS","RIDRETH1Other Race (Including Multi-Racial)",-0.172534800700942,0.996465047498087,-0.173146866650407,0.862550787802581
3,"SRS","DMDEDUC2< 9th Grade",-6.40559360773599,1.61209843489741,-3.97345067092235,7.29601663269799e-05
3,"SRS","DMDEDUC29-11th Grade",-4.99650140448786,1.27472158821145,-3.91968054098654,9.11815890214788e-05
3,"SRS","DMDEDUC2High School Grad/GED or Equivalent",-3.49213772883508,0.797447318113467,-4.37914536736606,1.2433593652256e-05
3,"SRS","DMDEDUC2Some College or AA Degree",-3.29324681096969,0.703761695540576,-4.67949141284262,3.03828809251911e-06
4,"SRS","(Intercept)",13.766617633946,1.76927648068311,7.78093067095468,1.07838853437085e-14
4,"SRS","X4",-0.0393714850360379,0.0303281706141502,-1.29818199511409,0.196476072435081
4,"SRS","RIAGENDRFemale",-2.65412064715182,0.881396007755721,-3.011269195455,0.00263143799008778
4,"SRS","RIDAGEYR",-0.0039257463569508,0.0264351349922693,-0.148504872704408,0.881957105406604
4,"SRS","RIDRETH1Mexican American",3.51781660194971,1.81478909568642,1.93841621062813,0.0526916082100638
4,"SRS","RIDRETH1Other Hispanic",3.28804785178615,1.48721920080425,2.21086968888517,0.0271405647504509
4,"SRS","RIDRETH1Non-Hispanic Black",0.554024594410285,1.47121476902024,0.376576286533094,0.706522562894106
4,"SRS","RIDRETH1Other Race (Including Multi-Racial)",-0.914518847322484,1.47416927765677,-0.620362166803621,0.535079543510491
4,"SRS","DMDEDUC2< 9th Grade",1.28153619431382,2.38181186838685,0.538050973430484,0.59059276714106
4,"SRS","DMDEDUC29-11th Grade",2.82554384254372,1.8861008802075,1.4980873357277,0.134244744804907
4,"SRS","DMDEDUC2High School Grad/GED or Equivalent",2.96904153834073,1.18554906003953,2.50435991087684,0.0123354409077854
4,"SRS","DMDEDUC2Some College or AA Degree",2.16246626791098,1.03986957842383,2.07955527575748,0.0376743119192307
5,"SRS","(Intercept)",373.846847496256,23.2746293483122,16.0624189499012,3.7552037302879e-52
5,"SRS","X5",0.00728645054910064,0.0486447904865796,0.149788918324376,0.881115163266685
5,"SRS","RIAGENDRFemale",26.8744626210076,9.839667530631,2.73123685707338,0.00635856813835415
5,"SRS","RIDAGEYR",3.46195863284576,0.295094785957393,11.7316835050607,6.16500042065547e-31
5,"SRS","RIDRETH1Mexican American",-48.5542206871478,20.4466609534506,-2.37467725403612,0.0176442989278835
5,"SRS","RIDRETH1Other Hispanic",-63.0134628077668,16.6708217077704,-3.77986543869014,0.000160792333495357
5,"SRS","RIDRETH1Non-Hispanic Black",-104.910683825433,16.4314898185484,-6.38473351984226,2.05887350008221e-10
5,"SRS","RIDRETH1Other Race (Including Multi-Racial)",-56.3158917193896,16.517105990247,-3.40954957561227,0.000661617176093034
5,"SRS","DMDEDUC2< 9th Grade",-18.1347614820404,27.0896672835482,-0.669434633220977,0.50328579464641
5,"SRS","DMDEDUC29-11th Grade",-44.3593468226126,21.3151269064174,-2.08112046516867,0.0375319923399965
5,"SRS","DMDEDUC2High School Grad/GED or Equivalent",-17.1572074448343,13.3842363132551,-1.28189663147554,0.200008233475593
5,"SRS","DMDEDUC2Some College or AA Degree",6.59788525142963,11.751868360509,0.561432875950276,0.574556498815807
1,"ETS (PC1*)","(Intercept)",47.741829364372,4.12799960990956,11.5653667335056,1.51021735251962e-26
1,"ETS (PC1*)","X1",-0.00197503842403324,0.00222500545007795,-0.887655544378126,0.376657444553032
1,"ETS (PC1*)","RIAGENDRFemale",11.6099063429041,1.4890353666217,7.79693122349706,1.05910005135867e-14
1,"ETS (PC1*)","RIDAGEYR",0.715085654584831,0.0438772898199158,16.2973979824126,1.63818261854886e-56
1,"ETS (PC1*)","RIDRETH1Mexican American",-14.9810315669307,2.98157668290982,-5.02453337953739,5.42830997979657e-07
1,"ETS (PC1*)","RIDRETH1Other Hispanic",-11.337489395841,2.49391880028792,-4.54605394310839,5.76779718847991e-06
1,"ETS (PC1*)","RIDRETH1Non-Hispanic Black",-19.5581089047826,2.4590386878384,-7.95355884456418,2.88371040784836e-15
1,"ETS (PC1*)","RIDRETH1Other Race (Including Multi-Racial)",-7.21059030584679,2.45860158283045,-2.93280145762603,0.00339398590664007
1,"ETS (PC1*)","DMDEDUC2< 9th Grade",-7.79404464410227,3.90394735781208,-1.99645229039931,0.0460001290114206
1,"ETS (PC1*)","DMDEDUC29-11th Grade",-15.4456997881545,3.08117957769187,-5.01291774747026,5.75884145693761e-07
1,"ETS (PC1*)","DMDEDUC2High School Grad/GED or Equivalent",-7.7490838463028,1.96833664028721,-3.93686917557563,8.51244789077543e-05
1,"ETS (PC1*)","DMDEDUC2Some College or AA Degree",-2.78636327556822,1.70592941163584,-1.63334031089618,0.102532199492701
2,"ETS (PC1*)","(Intercept)",73.312275291759,1.05646709921468,69.3938082371476,0
2,"ETS (PC1*)","X2",-2.91724713756552e-05,0.0021790789824701,-0.0133875236328455,0.989337389997409
2,"ETS (PC1*)","RIAGENDRFemale",3.18996905291406,0.498384590595062,6.40061734072737,1.8690690723408e-10
2,"ETS (PC1*)","RIDAGEYR",-0.121192855023949,0.0150886284501684,-8.03206569929133,1.49722649471078e-15
2,"ETS (PC1*)","RIDRETH1Mexican American",-2.72055514349854,1.04155825084488,-2.61200479309889,0.00905862339191621
2,"ETS (PC1*)","RIDRETH1Other Hispanic",0.5139956358281,0.867078286869348,0.592790343861475,0.553380990862704
2,"ETS (PC1*)","RIDRETH1Non-Hispanic Black",-0.84577663744623,0.862424289904751,-0.980696679519126,0.326851686164099
2,"ETS (PC1*)","RIDRETH1Other Race (Including Multi-Racial)",0.7051284401323,0.840357423082838,0.839081586910422,0.401508082153235
2,"ETS (PC1*)","DMDEDUC2< 9th Grade",1.30437111558585,1.35876505594483,0.959968104772052,0.337169164303708
2,"ETS (PC1*)","DMDEDUC29-11th Grade",3.22882759882269,1.075142902817,3.00316133823958,0.00269982278707452
2,"ETS (PC1*)","DMDEDUC2High School Grad/GED or Equivalent",2.58913042827648,0.672813350688399,3.84821499993626,0.000122127970169038
2,"ETS (PC1*)","DMDEDUC2Some College or AA Degree",2.67259700844287,0.606517522922418,4.40646297499427,1.10024575477815e-05
3,"ETS (PC1*)","(Intercept)",47.4208130848433,1.55110442201139,30.5722892746,7.31396082169729e-128
3,"ETS (PC1*)","X3",-0.0148363214502043,0.0258179052723279,-0.574652408617603,0.566386884469434
3,"ETS (PC1*)","RIAGENDRFemale",8.68954038462068,0.601764470225104,14.4401020907236,3.56373885525427e-45
3,"ETS (PC1*)","RIDAGEYR",0.107417864615888,0.0182365760684401,5.8902430046495,4.43702248216777e-09
3,"ETS (PC1*)","RIDRETH1Mexican American",-3.71175993496938,1.23195018957055,-3.01291396875654,0.00261505850024249
3,"ETS (PC1*)","RIDRETH1Other Hispanic",-2.25501795743215,1.02956318246895,-2.19026670322893,0.0286080745689516
3,"ETS (PC1*)","RIDRETH1Non-Hispanic Black",2.62556017454186,1.00583492850699,2.61032909091665,0.00910405359681496
3,"ETS (PC1*)","RIDRETH1Other Race (Including Multi-Racial)",-0.222197402978954,0.997034668404765,-0.222858251593664,0.823665071797645
3,"ETS (PC1*)","DMDEDUC2< 9th Grade",-6.49606389531779,1.61162917601034,-4.03074354325048,5.73582118004718e-05
3,"ETS (PC1*)","DMDEDUC29-11th Grade",-4.95597097823097,1.27480647713234,-3.88762613552087,0.000104012338261481
3,"ETS (PC1*)","DMDEDUC2High School Grad/GED or Equivalent",-3.49672180247549,0.797229424653314,-4.38609225192119,1.20459225066895e-05
3,"ETS (PC1*)","DMDEDUC2Some College or AA Degree",-3.25118465633711,0.704151278987639,-4.61716786343319,4.09870424473708e-06
4,"ETS (PC1*)","(Intercept)",13.4889304266814,1.80122293180859,7.48876232279437,9.94804757230852e-14
4,"ETS (PC1*)","X4",-0.00346105919126944,0.0255499935815903,-0.135462233296343,0.892373180065605
4,"ETS (PC1*)","RIAGENDRFemale",-2.4414177949973,0.87733358284952,-2.78277025150199,0.00543387957527526
4,"ETS (PC1*)","RIDAGEYR",-0.00670694089062272,0.0263899800490484,-0.254147251273294,0.799403885910436
4,"ETS (PC1*)","RIDRETH1Mexican American",3.52312050101697,1.81641044214337,1.93960594988635,0.052546272463816
4,"ETS (PC1*)","RIDRETH1Other Hispanic",3.26023722196549,1.48995571122504,2.18814371286575,0.0287567698064499
4,"ETS (PC1*)","RIDRETH1Non-Hispanic Black",0.425167683494756,1.46706538508343,0.289808271545156,0.771988270650912
4,"ETS (PC1*)","RIDRETH1Other Race (Including Multi-Racial)",-0.896299604662264,1.47401077700361,-0.608068555973703,0.543200376764965
4,"ETS (PC1*)","DMDEDUC2< 9th Grade",1.35798827441709,2.37592068158788,0.571562967122925,0.567672229388527
4,"ETS (PC1*)","DMDEDUC29-11th Grade",2.9476124217993,1.88376147123589,1.56474822678343,0.117775531090957
4,"ETS (PC1*)","DMDEDUC2High School Grad/GED or Equivalent",3.13362962065597,1.17787150186549,2.66041721502982,0.00785706532796313
4,"ETS (PC1*)","DMDEDUC2Some College or AA Degree",2.23308932847068,1.03835518684823,2.15060256524445,0.0316084440599105
5,"ETS (PC1*)","(Intercept)",401.126551109384,25.5808764055642,15.6807196418858,2.66909838431089e-46
5,"ETS (PC1*)","X5",-0.088662741866613,0.0563358897509066,-1.5738234056237,0.118022049995525
5,"ETS (PC1*)","RIAGENDRFemale",22.2171629320653,10.0839328048815,2.20322401606149,0.0276955482757619
5,"ETS (PC1*)","RIDAGEYR",3.42967162213424,0.297058093157523,11.5454576095847,5.06347650477898e-30
5,"ETS (PC1*)","RIDRETH1Mexican American",-44.7901239661258,20.5113583658184,-2.18367419491667,0.0290868245249795
5,"ETS (PC1*)","RIDRETH1Other Hispanic",-64.0003675563828,16.6693155681855,-3.83941183995171,0.000126584258110595
5,"ETS (PC1*)","RIDRETH1Non-Hispanic Black",-103.906202110203,16.4660828537732,-6.31031697295227,3.31799565944669e-10
5,"ETS (PC1*)","RIDRETH1Other Race (Including Multi-Racial)",-51.939724181298,16.7436644401981,-3.10205238326453,0.00194562084048898
5,"ETS (PC1*)","DMDEDUC2< 9th Grade",-23.4785773527725,26.8544371765189,-0.87429042725579,0.38205089695401
5,"ETS (PC1*)","DMDEDUC29-11th Grade",-50.1588903295513,21.3871650592542,-2.34527999342519,0.0190984896110137
5,"ETS (PC1*)","DMDEDUC2High School Grad/GED or Equivalent",-21.7848082886456,13.5148188985544,-1.61192010430682,0.107125193291936
5,"ETS (PC1*)","DMDEDUC2Some College or AA Degree",1.81928479919652,12.0035573306692,0.151562136879892,0.879546809636411
1,"ETS (PC1*)","(Intercept)",47.775032904911,3.89894944894996,12.2533091363309,2.03552671451292e-30
1,"ETS (PC1*)","X1",-0.00203052315491325,0.00198722793143533,-1.02178674262426,0.308724659553269
1,"ETS (PC1*)","RIAGENDRFemale",11.6041972188136,1.47000968716285,7.8939596930208,4.75160379833013e-15
1,"ETS (PC1*)","RIDAGEYR",0.715232016944734,0.0437450774902455,16.349999999525,6.7392004210791e-57
1,"ETS (PC1*)","RIDRETH1Mexican American",-14.9946260894011,2.98239907619323,-5.02770612058412,5.33995379401e-07
1,"ETS (PC1*)","RIDRETH1Other Hispanic",-11.3497895933951,2.48469978884702,-4.56787159734165,5.19645600113877e-06
1,"ETS (PC1*)","RIDRETH1Non-Hispanic Black",-19.5241778425249,2.44397027679663,-7.98871329487513,2.15444349520532e-15
1,"ETS (PC1*)","RIDRETH1Other Race (Including Multi-Racial)",-7.21894436418058,2.4398350514072,-2.95878377516422,0.00312022329581804
1,"ETS (PC1*)","DMDEDUC2< 9th Grade",-7.80543219559674,3.89453452251488,-2.00420156772841,0.045162473263442
1,"ETS (PC1*)","DMDEDUC29-11th Grade",-15.4350105293298,3.08088605688018,-5.0099257954901,5.8479081060491e-07
1,"ETS (PC1*)","DMDEDUC2High School Grad/GED or Equivalent",-7.74231359845867,1.9585646845797,-3.95305483623591,7.95325793000923e-05
1,"ETS (PC1*)","DMDEDUC2Some College or AA Degree",-2.7466886351757,1.70273167732324,-1.61310714527471,0.106855545944104
2,"ETS (PC1*)","(Intercept)",73.3075170260126,1.05192479281075,69.6889335882412,0
2,"ETS (PC1*)","X2",-3.5515068557097e-05,0.00205785553062008,-0.0172582905012751,0.986251933555186
2,"ETS (PC1*)","RIAGENDRFemale",3.18804496953495,0.497315977437061,6.41050180202268,1.75091738458838e-10
2,"ETS (PC1*)","RIDAGEYR",-0.121014649812029,0.0150676629682694,-8.03141469694874,1.50286806034165e-15
2,"ETS (PC1*)","RIDRETH1Mexican American",-2.71474362469718,1.04089253999854,-2.60809211362105,0.00916233297137045
2,"ETS (PC1*)","RIDRETH1Other Hispanic",0.513794090481996,0.866296119018286,0.593092915000292,0.553178003909938
2,"ETS (PC1*)","RIDRETH1Non-Hispanic Black",-0.841536174428889,0.857131219577513,-0.981805533630765,0.326301094496241
2,"ETS (PC1*)","RIDRETH1Other Race (Including Multi-Racial)",0.69845386221288,0.841056988182779,0.830447724739778,0.406369361657633
2,"ETS (PC1*)","DMDEDUC2< 9th Grade",1.29602077526341,1.35839088270684,0.95408530178063,0.34013769593752
2,"ETS (PC1*)","DMDEDUC29-11th Grade",3.22698858679758,1.07528298730763,3.00105983716672,0.0027184571964934
2,"ETS (PC1*)","DMDEDUC2High School Grad/GED or Equivalent",2.58749989067979,0.672996712606997,3.84474372936616,0.000123859254704997
2,"ETS (PC1*)","DMDEDUC2Some College or AA Degree",2.66513965121931,0.605371614589521,4.4024853280021,1.1197695068542e-05
3,"ETS (PC1*)","(Intercept)",47.3920980655153,1.56782456165617,30.2279344414994,7.6869518702555e-123
3,"ETS (PC1*)","X3",-0.0139013679678835,0.0261498581203385,-0.531603953792449,0.595806602025968
3,"ETS (PC1*)","RIAGENDRFemale",8.69325474485506,0.601892412182601,14.443203750204,3.38666062521173e-45
3,"ETS (PC1*)","RIDAGEYR",0.107352136901307,0.0183107579701007,5.86279044682914,5.23853308454389e-09
3,"ETS (PC1*)","RIDRETH1Mexican American",-3.71435221502002,1.23308418565937,-3.01224543970112,0.00262084046202316
3,"ETS (PC1*)","RIDRETH1Other Hispanic",-2.23542379117662,1.02775823089935,-2.17504829829531,0.0297305459018415
3,"ETS (PC1*)","RIDRETH1Non-Hispanic Black",2.62485995287813,1.00867542486158,2.60228403327893,0.00932032683425298
3,"ETS (PC1*)","RIDRETH1Other Race (Including Multi-Racial)",-0.214478388331066,0.996749268065893,-0.215177873917322,0.829647183158747
3,"ETS (PC1*)","DMDEDUC2< 9th Grade",-6.48631344674085,1.61103542501997,-4.0261767966154,5.84749725474177e-05
3,"ETS (PC1*)","DMDEDUC29-11th Grade",-4.95522699063797,1.27472556808686,-3.88728924459787,0.000104154897419629
3,"ETS (PC1*)","DMDEDUC2High School Grad/GED or Equivalent",-3.48752959456071,0.797046850100434,-4.37556411410603,1.26372902396799e-05
3,"ETS (PC1*)","DMDEDUC2Some College or AA Degree",-3.24501051015959,0.705130659249008,-4.60199888856862,4.40658335397806e-06
4,"ETS (PC1*)","(Intercept)",13.5281102708418,1.79954294605227,7.5175256586785,8.01969746904404e-14
4,"ETS (PC1*)","X4",-0.00616859659367694,0.0258148893850512,-0.238954988404832,0.811376147698759
4,"ETS (PC1*)","RIAGENDRFemale",-2.46009139197384,0.876703952234458,-2.80606855450326,0.00505752406724001
4,"ETS (PC1*)","RIDAGEYR",-0.00689195999184251,0.0263888539367878,-0.261169356136178,0.793984631117883
4,"ETS (PC1*)","RIDRETH1Mexican American",3.5050425927211,1.81565614394927,1.93045506132962,0.0536697494827287
4,"ETS (PC1*)","RIDRETH1Other Hispanic",3.25102262295466,1.49027572317276,2.18149069491202,0.0292454987648377
4,"ETS (PC1*)","RIDRETH1Non-Hispanic Black",0.430533586368862,1.4668812372651,0.293502688173694,0.769163643681971
4,"ETS (PC1*)","RIDRETH1Other Race (Including Multi-Racial)",-0.906100777188006,1.47379010846839,-0.61480991898477,0.538739399762474
4,"ETS (PC1*)","DMDEDUC2< 9th Grade",1.36371868137354,2.37608333116402,0.573935544889101,0.56606583284211
4,"ETS (PC1*)","DMDEDUC29-11th Grade",2.97002165405825,1.88504667055133,1.57556929515681,0.115258787342347
4,"ETS (PC1*)","DMDEDUC2High School Grad/GED or Equivalent",3.13553363176562,1.17768341706111,2.66245884619,0.00780967531977648
4,"ETS (PC1*)","DMDEDUC2Some College or AA Degree",2.23243523472439,1.03780682259819,2.15110865154597,0.0315683514861884
5,"ETS (PC1*)","(Intercept)",402.397960282935,27.0656998771266,14.8674507627643,4.43452562749998e-40
5,"ETS (PC1*)","X5",-0.0933749905391293,0.0630838948260567,-1.48017161585529,0.141791046523825
5,"ETS (PC1*)","RIAGENDRFemale",21.963938317936,10.2099127571709,2.15123663054904,0.0315945697396257
5,"ETS (PC1*)","RIDAGEYR",3.42801988546192,0.297342198749977,11.5288711117133,6.13552749143197e-30
5,"ETS (PC1*)","RIDRETH1Mexican American",-44.6053867813563,20.5332125216263,-2.17235304677124,0.0299313037086431
5,"ETS (PC1*)","RIDRETH1Other Hispanic",-63.8413918657692,16.662340096571,-3.8314781414711,0.000130710723616992
5,"ETS (PC1*)","RIDRETH1Non-Hispanic Black",-103.648332003341,16.4600757769942,-6.29695351392049,3.61152256701727e-10
5,"ETS (PC1*)","RIDRETH1Other Race (Including Multi-Racial)",-51.9343957085874,16.7497834938993,-3.10060101538048,0.00195528015575076
5,"ETS (PC1*)","DMDEDUC2< 9th Grade",-23.399307286128,26.8125852835407,-0.872698661418973,0.382917606218552
5,"ETS (PC1*)","DMDEDUC29-11th Grade",-50.3763230434258,21.4928174560897,-2.34386781287961,0.0191732082129506
5,"ETS (PC1*)","DMDEDUC2High School Grad/GED or Equivalent",-22.1104301234639,13.6049594032394,-1.62517428153437,0.104278220360618
5,"ETS (PC1*)","DMDEDUC2Some College or AA Degree",1.73101405252348,12.1208632391336,0.142812769880506,0.886452853543211
1,"SRS","(Intercept)",47.8094138696012,3.8144576795947,12.5337381838985,1.01408740598206e-31
1,"SRS","X1",-0.00230441522712883,0.00216083893753787,-1.06644469751853,0.288358887452499
1,"SRS","RIAGENDRFemale",11.5687231750058,1.47148301225593,7.86194816973782,6.14783380239927e-15
1,"SRS","RIDAGEYR",0.717726357543279,0.0433126195184952,16.5708369875158,2.10050459383051e-58
1,"SRS","RIDRETH1Mexican American",-14.9259651330021,2.97383754108529,-5.01909230978195,5.57993722858093e-07
1,"SRS","RIDRETH1Other Hispanic",-11.1394759580827,2.44722652202289,-4.55187775133897,5.59032968693041e-06
1,"SRS","RIDRETH1Non-Hispanic Black",-19.4149570025961,2.42120857574174,-8.01870487206924,1.68009746057535e-15
1,"SRS","RIDRETH1Other Race (Including Multi-Racial)",-6.95579220051654,2.41209546216381,-2.88371348050908,0.00396584863493609
1,"SRS","DMDEDUC2< 9th Grade",-8.09355731246901,3.92178680251703,-2.06374229911593,0.0391531454318079
1,"SRS","DMDEDUC29-11th Grade",-15.4712263094313,3.0879096488958,-5.0102587408811,5.84050950725059e-07
1,"SRS","DMDEDUC2High School Grad/GED or Equivalent",-7.53037159798508,1.92766622812083,-3.90647067844624,9.62867274208049e-05
1,"SRS","DMDEDUC2Some College or AA Degree",-2.70178649863295,1.69838461928223,-1.59079778982854,0.11178881201925
2,"SRS","(Intercept)",73.1271108337942,1.05819814954366,69.1053096864038,0
2,"SRS","X2",0.00101679179992191,0.00203145502851795,0.500523903137401,0.617319216173175
2,"SRS","RIAGENDRFemale",3.2291672600548,0.497643165221076,6.48892115019857,1.05310574971869e-10
2,"SRS","RIDAGEYR",-0.121491005791832,0.015074757495136,-8.05923450715752,1.20528826871289e-15
2,"SRS","RIDRETH1Mexican American",-2.64057050086639,1.04936351592245,-2.51635440035779,0.0119245613552533
2,"SRS","RIDRETH1Other Hispanic",0.613036369662709,0.868704320906803,0.705690480534029,0.48045335256218
2,"SRS","RIDRETH1Non-Hispanic Black",-0.712827210202321,0.876342512883983,-0.813411650949645,0.416074569012041
2,"SRS","RIDRETH1Other Race (Including Multi-Racial)",0.760592800006622,0.849682301520748,0.895149632568932,0.37079970779537
2,"SRS","DMDEDUC2< 9th Grade",1.30053002583872,1.35878886703048,0.957124434409678,0.338602069337719
2,"SRS","DMDEDUC29-11th Grade",3.21182935305471,1.07674027997729,2.98291929147709,0.00288429836923034
2,"SRS","DMDEDUC2High School Grad/GED or Equivalent",2.57132260421857,0.673363589214517,3.81862435897081,0.000137647628659031
2,"SRS","DMDEDUC2Some College or AA Degree",2.63885687188632,0.596262724760858,4.42566131053166,1.00533793795033e-05
3,"SRS","(Intercept)",47.064217399899,1.56119675577726,30.146243403169,5.37649715578165e-126
3,"SRS","X3",-0.00525476499997619,0.0256192530359235,-0.205110000381663,0.837752272990125
3,"SRS","RIAGENDRFemale",8.73153909048327,0.613999663061764,14.2207555081426,8.98799457815974e-44
3,"SRS","RIDAGEYR",0.108691740496036,0.0182285407556326,5.96272306999947,2.87226862469806e-09
3,"SRS","RIDRETH1Mexican American",-3.68639003112759,1.24082133224122,-2.97092734895933,0.0029994539771704
3,"SRS","RIDRETH1Other Hispanic",-2.16776594939003,1.02844549272638,-2.10780830362078,0.0351578492212523
3,"SRS","RIDRETH1Non-Hispanic Black",2.69448933171543,1.00014522411798,2.69409808369748,0.00710830476382056
3,"SRS","RIDRETH1Other Race (Including Multi-Racial)",-0.19411952546375,0.996863900070431,-0.194730218889494,0.845620867294567
3,"SRS","DMDEDUC2< 9th Grade",-6.45896572890746,1.60920110041337,-4.01377163317144,6.16099105548661e-05
3,"SRS","DMDEDUC29-11th Grade",-4.97797434786406,1.27583572539387,-3.90173613168521,9.81694353900589e-05
3,"SRS","DMDEDUC2High School Grad/GED or Equivalent",-3.48476542556114,0.799006294402752,-4.36137418437481,1.34800448522274e-05
3,"SRS","DMDEDUC2Some College or AA Degree",-3.26391134864932,0.706744001591773,-4.61823707211966,4.07904680292121e-06
4,"SRS","(Intercept)",14.7916319008179,1.9237859588273,7.68881373364143,3.14889674556758e-14
4,"SRS","X4",-0.084484226818803,0.0479003149733464,-1.76375096626845,0.0818799365213128
4,"SRS","RIAGENDRFemale",-2.83620764253983,0.89456072115218,-3.17050321512757,0.00154669403885968
4,"SRS","RIDAGEYR",-0.0132696986488252,0.0269342553935009,-0.492669964510216,0.622298176447511
4,"SRS","RIDRETH1Mexican American",3.02353775483394,1.84439975055452,1.63930718052033,0.101295849516731
4,"SRS","RIDRETH1Other Hispanic",2.8627512091769,1.50505282602455,1.90209350773326,0.0572895214558706
4,"SRS","RIDRETH1Non-Hispanic Black",0.000137179509079025,1.48803013234394,9.21886634532996e-05,0.99992645251441
4,"SRS","RIDRETH1Other Race (Including Multi-Racial)",-1.274091864661,1.49933550895114,-0.84977101993155,0.395548336247487
4,"SRS","DMDEDUC2< 9th Grade",1.07862400313543,2.38531642719008,0.452193256559279,0.651172427534265
4,"SRS","DMDEDUC29-11th Grade",3.32095830978525,1.90195676874514,1.74607455035707,0.0809361302442623
4,"SRS","DMDEDUC2High School Grad/GED or Equivalent",3.09799448612742,1.18593287387797,2.61228485554756,0.0090539054118137
4,"SRS","DMDEDUC2Some College or AA Degree",2.26365222148135,1.04704724435285,2.16193895136074,0.0307286169793752
5,"SRS","(Intercept)",388.542971831099,26.0252438923448,14.9294651546143,1.88035547896833e-42
5,"SRS","X5",-0.0418219214023393,0.0561046763319416,-0.745426658464281,0.45743852906514
5,"SRS","RIAGENDRFemale",24.5886778671188,10.0209622881233,2.45372421930587,0.0142211100661064
5,"SRS","RIDAGEYR",3.4317954246255,0.297778240648791,11.5246682133268,6.31452758982037e-30
5,"SRS","RIDRETH1Mexican American",-47.3841909005012,20.3804743818186,-2.32497978274601,0.0201576064862675
5,"SRS","RIDRETH1Other Hispanic",-64.2690154375642,16.6963309428834,-3.84928974260408,0.0001216132024069
5,"SRS","RIDRETH1Non-Hispanic Black",-104.897199679462,16.4454593430101,-6.37849010426375,2.14429430406527e-10
5,"SRS","RIDRETH1Other Race (Including Multi-Racial)",-55.1150240250174,16.5932477827536,-3.32153323729076,0.000909039762576862
5,"SRS","DMDEDUC2< 9th Grade",-20.2242298519658,26.7377798762712,-0.756391515883265,0.449490269889773
5,"SRS","DMDEDUC29-11th Grade",-46.5009596489946,21.2435018418042,-2.18894982547026,0.0286994064594864
5,"SRS","DMDEDUC2High School Grad/GED or Equivalent",-19.6792337862693,13.516563866131,-1.45593465774097,0.145554127690013
5,"SRS","DMDEDUC2Some College or AA Degree",4.18682190051917,11.9904605758534,0.349179405914621,0.726989004120462
1,"ETS (PC1*)","(Intercept)",44.8466073819492,3.56540796146097,12.5782541203427,4.29640361692983e-33
1,"ETS (PC1*)","X1",0.00024979152445416,0.0020079646185594,0.124400361513028,0.901180482687024
1,"ETS (PC1*)","RIAGENDRFemale",12.0752156437593,1.43973655537426,8.38710081971927,8.70705989678541e-17
1,"ETS (PC1*)","RIDAGEYR",0.72250260108245,0.0431286049864037,16.7522831148891,1.2876614851e-59
1,"ETS (PC1*)","RIDRETH1Mexican American",-14.6993969714322,2.96740189320108,-4.95362525888775,7.79809153003817e-07
1,"ETS (PC1*)","RIDRETH1Other Hispanic",-10.800899592017,2.44451659751515,-4.4184194138817,1.03948358683616e-05
1,"ETS (PC1*)","RIDRETH1Non-Hispanic Black",-19.0181268785342,2.4171378712789,-7.86803562366584,5.4603533386815e-15
1,"ETS (PC1*)","RIDRETH1Other Race (Including Multi-Racial)",-6.80936401741196,2.40688924897734,-2.8291139778472,0.00470699794981687
1,"ETS (PC1*)","DMDEDUC2< 9th Grade",-7.50482920847799,3.90253417027157,-1.92306559815612,0.05459215846181
1,"ETS (PC1*)","DMDEDUC29-11th Grade",-15.320105999036,3.07749285286237,-4.97811261682924,6.88215406834345e-07
1,"ETS (PC1*)","DMDEDUC2High School Grad/GED or Equivalent",-7.36943595442175,1.92653315700303,-3.8252318303651,0.000134029328560751
1,"ETS (PC1*)","DMDEDUC2Some College or AA Degree",-2.72197311673057,1.70212202216367,-1.59916450247821,0.109917871444321
2,"ETS (PC1*)","(Intercept)",73.7906595005833,1.07013500741112,68.9545328295524,0
2,"ETS (PC1*)","X2",-0.00266965045104133,0.00206583572462666,-1.29228593504151,0.198120632851173
2,"ETS (PC1*)","RIAGENDRFemale",3.07382843848328,0.499698909263626,6.15136111266078,9.04433799991627e-10
2,"ETS (PC1*)","RIDAGEYR",-0.120680598560334,0.0150826938123644,-8.001262908447,1.91316751740936e-15
2,"ETS (PC1*)","RIDRETH1Mexican American",-2.78789435765164,1.03971087364131,-2.68141310082463,0.00738247581848212
2,"ETS (PC1*)","RIDRETH1Other Hispanic",0.34335662954125,0.859573038503756,0.39945020860464,0.689598482770826
2,"ETS (PC1*)","RIDRETH1Non-Hispanic Black",-1.10372446243166,0.862093742328504,-1.28028357966097,0.200580642191806
2,"ETS (PC1*)","RIDRETH1Other Race (Including Multi-Racial)",0.635261089812006,0.84322014840348,0.753375131055376,0.451299929784234
2,"ETS (PC1*)","DMDEDUC2< 9th Grade",1.28278423464711,1.35782393541394,0.944735323328976,0.344890362627412
2,"ETS (PC1*)","DMDEDUC29-11th Grade",3.21891175297628,1.07533901008787,2.99339252345477,0.00278749133922485
2,"ETS (PC1*)","DMDEDUC2High School Grad/GED or Equivalent",2.60912518972357,0.67322607537055,3.87555575337376,0.000109283255454061
2,"ETS (PC1*)","DMDEDUC2Some College or AA Degree",2.75894409003012,0.597723390187693,4.61575393454784,4.12916426439615e-06
3,"ETS (PC1*)","(Intercept)",45.7998049173454,1.46364323033017,31.2916453738619,1.51117640078484e-146
3,"ETS (PC1*)","X3",0.0295243144988436,0.0239914502196829,1.23061816724283,0.220048462896206
3,"ETS (PC1*)","RIAGENDRFemale",8.95866974565811,0.60012054741729,14.9281169995147,4.36795176984533e-48
3,"ETS (PC1*)","RIDAGEYR",0.111689988433163,0.0179340297378262,6.22782442462376,5.58860797006681e-10
3,"ETS (PC1*)","RIDRETH1Mexican American",-3.46856008054208,1.2403279195277,-2.79648633714772,0.00520880327385262
3,"ETS (PC1*)","RIDRETH1Other Hispanic",-1.93135117599756,1.0188729088099,-1.89557614035836,0.0581411945188182
3,"ETS (PC1*)","RIDRETH1Non-Hispanic Black",2.88423143892988,1.00106717411703,2.88115674302663,0.00399834174355268
3,"ETS (PC1*)","RIDRETH1Other Race (Including Multi-Racial)",-0.162087477112088,0.996203540757276,-0.162705180699193,0.870764461872388
3,"ETS (PC1*)","DMDEDUC2< 9th Grade",-6.33525308721208,1.61249279852868,-3.9288566702392,8.78019404958435e-05
3,"ETS (PC1*)","DMDEDUC29-11th Grade",-5.0336104831502,1.27424407047839,-3.95027185118501,8.03439080430454e-05
3,"ETS (PC1*)","DMDEDUC2High School Grad/GED or Equivalent",-3.53694836574377,0.798970223223073,-4.42688383488887,9.99679545961514e-06
3,"ETS (PC1*)","DMDEDUC2Some College or AA Degree",-3.28647538430963,0.70346729810605,-4.67182396844578,3.15301143215467e-06
4,"ETS (PC1*)","(Intercept)",13.4571090779237,1.79092173953326,7.51406875067068,8.17841448930477e-14
4,"ETS (PC1*)","X4",-0.00144259626906211,0.0235262051811506,-0.0613186979350979,0.951152151656908
4,"ETS (PC1*)","RIAGENDRFemale",-2.42596472025318,0.868742817286535,-2.79250046386632,0.0052727501524082
4,"ETS (PC1*)","RIDAGEYR",-0.00664390099117873,0.0264181925559599,-0.251489611831142,0.801457454600362
4,"ETS (PC1*)","RIDRETH1Mexican American",3.51594229655418,1.81369846939756,1.93854841688323,0.0526748858866957
4,"ETS (PC1*)","RIDRETH1Other Hispanic",3.26740910393342,1.48495926716432,2.20033584501807,0.0278791426337948
4,"ETS (PC1*)","RIDRETH1Non-Hispanic Black",0.421910125512036,1.46557255289039,0.287880749867994,0.773463162310756
4,"ETS (PC1*)","RIDRETH1Other Race (Including Multi-Racial)",-0.882672968699499,1.47038171334723,-0.600301922070391,0.548362380459109
4,"ETS (PC1*)","DMDEDUC2< 9th Grade",1.37163247028544,2.37635650379351,0.577199788035099,0.563859260853832
4,"ETS (PC1*)","DMDEDUC29-11th Grade",2.93758433650909,1.88320836408164,1.55988280029842,0.118921093117282
4,"ETS (PC1*)","DMDEDUC2High School Grad/GED or Equivalent",3.1409262519414,1.17603079793159,2.67078571196067,0.0076190725484792
4,"ETS (PC1*)","DMDEDUC2Some College or AA Degree",2.23891880350221,1.03830759331958,2.1563155445528,0.0311593299950019
5,"ETS (PC1*)","(Intercept)",376.750782245542,26.2441918449235,14.355587113208,4.59804135607994e-39
5,"ETS (PC1*)","X5",-0.00363057736287076,0.0613224947751399,-0.059204658521861,0.952897461286085
5,"ETS (PC1*)","RIAGENDRFemale",26.4465530925773,10.2135142541755,2.58936859874311,0.00969229854879456
5,"ETS (PC1*)","RIDAGEYR",3.46044571106959,0.295970112255086,11.6918755231851,9.71514766014831e-31
5,"ETS (PC1*)","RIDRETH1Mexican American",-48.2077754653461,20.4321522484021,-2.35940760812979,0.0183857794163512
5,"ETS (PC1*)","RIDRETH1Other Hispanic",-63.0629889883824,16.7029584402477,-3.77555803745669,0.000163599702571334
5,"ETS (PC1*)","RIDRETH1Non-Hispanic Black",-104.916670418379,16.4313894278566,-6.38513686739788,2.05381135323283e-10
5,"ETS (PC1*)","RIDRETH1Other Race (Including Multi-Racial)",-55.9369315123048,16.7432908388906,-3.34085646905068,0.000848735514935844
5,"ETS (PC1*)","DMDEDUC2< 9th Grade",-19.1543583204493,27.1585662374283,-0.70527870112863,0.480710198266744
5,"ETS (PC1*)","DMDEDUC29-11th Grade",-45.0106588491136,21.1626187880649,-2.12689456346954,0.0335325580986616
5,"ETS (PC1*)","DMDEDUC2High School Grad/GED or Equivalent",-17.8554832565714,13.9042644795581,-1.28417316017128,0.199242438399258
5,"ETS (PC1*)","DMDEDUC2Some College or AA Degree",6.05636555506298,12.2116289974953,0.495950667704137,0.619986113700848
1,"ETS (PC1*)","(Intercept)",44.4235772094687,3.4276922479839,12.9602000400117,8.77412805683959e-36
1,"ETS (PC1*)","X1",0.000646322350313147,0.00178906961228972,0.36126171160325,0.718327193120383
1,"ETS (PC1*)","RIAGENDRFemale",12.1312007665418,1.43270172737903,8.46735962881438,4.42186776353836e-17
1,"ETS (PC1*)","RIDAGEYR",0.722858734132591,0.043111517724016,16.767183627356,1.02445848276673e-59
1,"ETS (PC1*)","RIDRETH1Mexican American",-14.68888792296,2.96870141342101,-4.94791690958003,8.02821731054275e-07
1,"ETS (PC1*)","RIDRETH1Other Hispanic",-10.7384751393419,2.44523582516419,-4.39159079416026,1.17519698023383e-05
1,"ETS (PC1*)","RIDRETH1Non-Hispanic Black",-18.9563026911258,2.41729893896004,-7.84193563551599,6.68265402450559e-15
1,"ETS (PC1*)","RIDRETH1Other Race (Including Multi-Racial)",-6.79375398909574,2.40598444394033,-2.82368990631106,0.00478707593181342
1,"ETS (PC1*)","DMDEDUC2< 9th Grade",-7.46080440301261,3.89780959296355,-1.91410181156132,0.0557277503541504
1,"ETS (PC1*)","DMDEDUC29-11th Grade",-15.3093423824673,3.07748024318389,-4.97463547211229,7.00544535166016e-07
1,"ETS (PC1*)","DMDEDUC2High School Grad/GED or Equivalent",-7.34407968163116,1.92609086164155,-3.81294560287359,0.000140827267488907
1,"ETS (PC1*)","DMDEDUC2Some College or AA Degree",-2.73397437640151,1.70125074329475,-1.60703787326888,0.108179581315169
2,"ETS (PC1*)","(Intercept)",73.7207312024005,1.08985807806321,67.6425056493682,0
2,"ETS (PC1*)","X2",-0.00225704320148558,0.0023405701127682,-0.964313433369517,0.336767947326807
2,"ETS (PC1*)","RIAGENDRFemale",3.09688511460058,0.501416751269808,6.17626975317019,7.77156067523118e-10
2,"ETS (PC1*)","RIDAGEYR",-0.120784541481764,0.015061967277474,-8.01917433869375,1.65763849077677e-15
2,"ETS (PC1*)","RIDRETH1Mexican American",-2.78702012816302,1.0399096682324,-2.68005982952375,0.0074122463108752
2,"ETS (PC1*)","RIDRETH1Other Hispanic",0.372743861776662,0.862092511930396,0.432371069947023,0.665512654168555
2,"ETS (PC1*)","RIDRETH1Non-Hispanic Black",-1.07374561637539,0.871521897786193,-1.23203515494319,0.218077533282019
2,"ETS (PC1*)","RIDRETH1Other Race (Including Multi-Racial)",0.639039772488899,0.844099970179043,0.757066455473694,0.449086061820561
2,"ETS (PC1*)","DMDEDUC2< 9th Grade",1.2887329264928,1.35850795086234,0.948638486565174,0.34290136005359
2,"ETS (PC1*)","DMDEDUC29-11th Grade",3.22690282623454,1.07511470896126,3.00144979818224,0.00271502979708235
2,"ETS (PC1*)","DMDEDUC2High School Grad/GED or Equivalent",2.59749535326447,0.673569584655995,3.85631330813588,0.000118193411989956
2,"ETS (PC1*)","DMDEDUC2Some College or AA Degree",2.74788594525609,0.599016330913968,4.58733060092606,4.72917339022075e-06
3,"ETS (PC1*)","(Intercept)",45.9258339259512,1.4744617597073,31.1475245957333,2.19513849526009e-142
3,"ETS (PC1*)","X3",0.0262382187082867,0.0249174035889729,1.05300773471833,0.293870485885793
3,"ETS (PC1*)","RIAGENDRFemale",8.93256423267896,0.601639748111664,14.8470314016239,1.46922437533168e-47
3,"ETS (PC1*)","RIDAGEYR",0.111364583477582,0.0179099202920995,6.21803903430594,5.93846183857121e-10
3,"ETS (PC1*)","RIDRETH1Mexican American",-3.49459373824913,1.23801401977954,-2.82274165107714,0.00480187849070094
3,"ETS (PC1*)","RIDRETH1Other Hispanic",-1.96297226743523,1.0166636425336,-1.93079813746792,0.0536294672746492
3,"ETS (PC1*)","RIDRETH1Non-Hispanic Black",2.86745554443756,1.00216987726265,2.86124698965188,0.00425743933157353
3,"ETS (PC1*)","RIDRETH1Other Race (Including Multi-Racial)",-0.153167585530767,0.997177751473312,-0.153601085969342,0.877937397525731
3,"ETS (PC1*)","DMDEDUC2< 9th Grade",-6.34513021312234,1.61181261854376,-3.93664259736038,8.50181135079252e-05
3,"ETS (PC1*)","DMDEDUC29-11th Grade",-5.03881529113327,1.27401302876204,-3.95507359609146,7.87564113947564e-05
3,"ETS (PC1*)","DMDEDUC2High School Grad/GED or Equivalent",-3.52338802435355,0.798395211881645,-4.41308761866155,1.06493352214997e-05
3,"ETS (PC1*)","DMDEDUC2Some College or AA Degree",-3.28459958987203,0.702536050363291,-4.67534667889785,3.09933333866678e-06
4,"ETS (PC1*)","(Intercept)",13.4658115116307,1.78959242420072,7.5245130285154,7.56869305169929e-14
4,"ETS (PC1*)","X4",-0.00207123921391973,0.024549098117279,-0.0843712955981009,0.932837311436985
4,"ETS (PC1*)","RIAGENDRFemale",-2.43127023975979,0.866669983838253,-2.80530107780165,0.00506837580986008
4,"ETS (PC1*)","RIDAGEYR",-0.00668234608568659,0.0264168296770818,-0.252957912337373,0.80032273976609
4,"ETS (PC1*)","RIDRETH1Mexican American",3.5321479356772,1.81429472699452,1.94684352168537,0.0516714813642308
4,"ETS (PC1*)","RIDRETH1Other Hispanic",3.2726364782539,1.48452115883209,2.20450645569011,0.0275843913551773
4,"ETS (PC1*)","RIDRETH1Non-Hispanic Black",0.417427692397664,1.46574067412908,0.284789594616177,0.775830197931644
4,"ETS (PC1*)","RIDRETH1Other Race (Including Multi-Racial)",-0.875239252648825,1.47064037593605,-0.595141590677287,0.551805613530518
4,"ETS (PC1*)","DMDEDUC2< 9th Grade",1.35299085520499,2.3767609659927,0.569258278204634,0.569234779043711
4,"ETS (PC1*)","DMDEDUC29-11th Grade",2.94733619158816,1.88325435300093,1.56502290138963,0.117711059020253
4,"ETS (PC1*)","DMDEDUC2High School Grad/GED or Equivalent",3.14480656454923,1.17583731769049,2.67452522320526,0.00753487256187351
4,"ETS (PC1*)","DMDEDUC2Some College or AA Degree",2.23908255261111,1.03825193724267,2.15658885121616,0.0311379851441651
5,"ETS (PC1*)","(Intercept)",372.480665419436,26.6512709532269,13.9760939008553,7.01384072435813e-37
5,"ETS (PC1*)","X5",0.0113315284628323,0.0638438068644347,0.177488295566296,0.859474810765487
5,"ETS (PC1*)","RIAGENDRFemale",27.2897190807326,10.212240327181,2.67225586222231,0.00760185418687607
5,"ETS (PC1*)","RIDAGEYR",3.46404357691173,0.295845662980677,11.7089550747884,8.01893707505924e-31
5,"ETS (PC1*)","RIDRETH1Mexican American",-48.6462100012997,20.445526855543,-2.3793082147018,0.0174249327521077
5,"ETS (PC1*)","RIDRETH1Other Hispanic",-63.33392787208,16.7088031720999,-3.79045268651164,0.000154153480181468
5,"ETS (PC1*)","RIDRETH1Non-Hispanic Black",-104.737560289753,16.4354713762694,-6.37265326268523,2.22544552541261e-10
5,"ETS (PC1*)","RIDRETH1Other Race (Including Multi-Racial)",-56.5375573311526,16.7221360025752,-3.38100092730054,0.000734377098710009
5,"ETS (PC1*)","DMDEDUC2< 9th Grade",-17.8340774931723,27.2652492355633,-0.654095524273091,0.513118973432721
5,"ETS (PC1*)","DMDEDUC29-11th Grade",-44.5390459020238,21.1836349863712,-2.10252140063208,0.0356138596178527
5,"ETS (PC1*)","DMDEDUC2High School Grad/GED or Equivalent",-16.674222406811,14.1006836875774,-1.1825116268299,0.237174192337681
5,"ETS (PC1*)","DMDEDUC2Some College or AA Degree",7.02265078707693,12.3398258395485,0.569104530192777,0.569357844484872
1,"SRS","(Intercept)",42.8301580439292,3.8967230946326,10.9913270724635,2.82567140556544e-25
1,"SRS","X1",0.00181334452158793,0.00209614516333359,0.865085373526367,0.388652095641137
1,"SRS","RIAGENDRFemale",12.3884809383348,1.46410810113754,8.4614523536271,4.95076044658857e-17
1,"SRS","RIDAGEYR",0.729465261333115,0.043966280877018,16.5914707085088,2.15150698840985e-58
1,"SRS","RIDRETH1Mexican American",-14.624309919194,2.9694541045651,-4.92491528887791,9.02314437577525e-07
1,"SRS","RIDRETH1Other Hispanic",-10.4759317564493,2.46835764028976,-4.2440899104149,2.28284343996157e-05
1,"SRS","RIDRETH1Non-Hispanic Black",-18.7249571702188,2.42719909890399,-7.71463584453131,1.79322157664243e-14
1,"SRS","RIDRETH1Other Race (Including Multi-Racial)",-6.65130600768202,2.41214323018324,-2.7574258130504,0.00587078056631778
1,"SRS","DMDEDUC2< 9th Grade",-7.34853613169637,3.89665017805502,-1.8858598529274,0.0594366416312983
1,"SRS","DMDEDUC29-11th Grade",-15.4375433009152,3.0836423578858,-5.00626905109043,5.95947207558263e-07
1,"SRS","DMDEDUC2High School Grad/GED or Equivalent",-7.25640992730111,1.93320616757942,-3.75356237166723,0.000178579576309203
1,"SRS","DMDEDUC2Some College or AA Degree",-2.84496176863042,1.70806158719093,-1.66560842417235,0.0959254743325454
2,"SRS","(Intercept)",72.8963191602124,1.11397653549101,65.4379305467881,0
2,"SRS","X2",0.00200660096769191,0.00240794617491792,0.833324676686477,0.406286972256883
2,"SRS","RIAGENDRFemale",3.23211893935919,0.493983140839136,6.54297418707195,7.38104463393391e-11
2,"SRS","RIDAGEYR",-0.121047549577231,0.0150630934283839,-8.03603523756525,1.45000059618297e-15
2,"SRS","RIDRETH1Mexican American",-2.61122045198571,1.04846268022747,-2.49052303074745,0.0128255553875343
2,"SRS","RIDRETH1Other Hispanic",0.699058003322575,0.880440633938723,0.793986529444105,0.427294757030052
2,"SRS","RIDRETH1Non-Hispanic Black",-0.573884674619356,0.903315767594174,-0.635309041651957,0.525317000704685
2,"SRS","RIDRETH1Other Race (Including Multi-Racial)",0.773881967980412,0.847183652090514,0.913476040373038,0.36108706855277
2,"SRS","DMDEDUC2< 9th Grade",1.33337446436396,1.35864852373932,0.981397647048696,0.326496953828282
2,"SRS","DMDEDUC29-11th Grade",3.24010124019824,1.07742844079036,3.00725423381382,0.00266402503801629
2,"SRS","DMDEDUC2High School Grad/GED or Equivalent",2.58569464934217,0.673064705032276,3.84167321508588,0.000125418663720257
2,"SRS","DMDEDUC2Some College or AA Degree",2.64906746847076,0.594182214758659,4.45834190703056,8.64633264306235e-06
3,"SRS","(Intercept)",45.2912724230415,1.52523617754996,29.6945962138103,1.5031795153848e-128
3,"SRS","X3",0.0420243378494276,0.0259976188135033,1.61646872934378,0.107887676299917
3,"SRS","RIAGENDRFemale",9.09888990230207,0.615969438984305,14.7716580181406,7.05224537479582e-47
3,"SRS","RIDAGEYR",0.113045998167975,0.0179853956003333,6.28543295238275,3.89202098056615e-10
3,"SRS","RIDRETH1Mexican American",-3.56582215580362,1.23115406002828,-2.89632489675721,0.00381052102527729
3,"SRS","RIDRETH1Other Hispanic",-1.86063595096381,1.01879255894935,-1.82631482201109,0.067932361750995
3,"SRS","RIDRETH1Non-Hispanic Black",2.83740232461936,0.995186077353234,2.85112743153082,0.00439439566740691
3,"SRS","RIDRETH1Other Race (Including Multi-Racial)",-0.0300213574506803,1.00105329752297,-0.029989769300961,0.976077769753386
3,"SRS","DMDEDUC2< 9th Grade",-6.11952443923896,1.62089319011261,-3.7754026462495,0.000163733862040114
3,"SRS","DMDEDUC29-11th Grade",-5.01427221213634,1.27738770321866,-3.92541136845281,8.90720394783149e-05
3,"SRS","DMDEDUC2High School Grad/GED or Equivalent",-3.47051175732938,0.79665002280566,-4.35638192177143,1.37880530718365e-05
3,"SRS","DMDEDUC2Some College or AA Degree",-3.45256774593849,0.712189705721363,-4.84782034646436,1.33186087958698e-06
4,"SRS","(Intercept)",13.174046608469,1.78865332433006,7.36534376408761,2.47533555662946e-13
4,"SRS","X4",0.0231704659592217,0.0331374221813684,0.699223549508609,0.485706813824146
4,"SRS","RIAGENDRFemale",-2.34475123146453,0.865527597065567,-2.709042715003,0.0067969106060103
4,"SRS","RIDAGEYR",-0.00685039518672162,0.026343211461406,-0.260044041963439,0.794852409679139
4,"SRS","RIDRETH1Mexican American",3.68449084614188,1.82988127157629,2.0135136106224,0.0441757148373284
4,"SRS","RIDRETH1Other Hispanic",3.29355367849647,1.48617034035978,2.21613471151574,0.0267771203336158
4,"SRS","RIDRETH1Non-Hispanic Black",0.403630874695265,1.46654538003454,0.275225629012421,0.783166920543343
4,"SRS","RIDRETH1Other Race (Including Multi-Racial)",-0.842964106975213,1.47122401229212,-0.572967882478957,0.566720866661448
4,"SRS","DMDEDUC2< 9th Grade",1.39596611848791,2.37674092323996,0.587344672209767,0.557028228849652
4,"SRS","DMDEDUC29-11th Grade",2.91293371744294,1.88222716734714,1.54759944388036,0.121852438037499
4,"SRS","DMDEDUC2High School Grad/GED or Equivalent",3.17721648446296,1.17802674976705,2.69706650132626,0.00704503203672926
4,"SRS","DMDEDUC2Some College or AA Degree",2.27788532556019,1.0400366213547,2.1901972284333,0.0286075953417417
5,"SRS","(Intercept)",386.392555095814,24.4023011436597,15.8342671382124,1.54976700414514e-49
5,"SRS","X5",-0.0365045352099203,0.0497035321834377,-0.734445493233665,0.463778278743598
5,"SRS","RIAGENDRFemale",25.1992939575448,9.84822414277862,2.55876527505953,0.010569234777464
5,"SRS","RIDAGEYR",3.43592978422277,0.297468528322088,11.5505657139718,4.72132330582157e-30
5,"SRS","RIDRETH1Mexican American",-46.1167043725566,20.5668994103597,-2.24227791717245,0.0250376141918641
5,"SRS","RIDRETH1Other Hispanic",-62.7102523333216,16.6648823223578,-3.76301801118563,0.000171959030745434
5,"SRS","RIDRETH1Non-Hispanic Black",-104.941512144898,16.4457004998559,-6.38109104235587,2.10853774363328e-10
5,"SRS","RIDRETH1Other Race (Including Multi-Racial)",-54.1255785651775,16.7028156639584,-3.24050625080959,0.00121016152388802
5,"SRS","DMDEDUC2< 9th Grade",-20.6236278458643,26.7796396518331,-0.770123426378984,0.441304063708614
5,"SRS","DMDEDUC29-11th Grade",-47.5226172853288,21.4526713490543,-2.21523075201652,0.0268424720666194
5,"SRS","DMDEDUC2High School Grad/GED or Equivalent",-19.6610974818567,13.4673749339601,-1.45990570384122,0.144455157325579
5,"SRS","DMDEDUC2Some College or AA Degree",4.51972196078667,11.8907496224896,0.380104039213667,0.703904127315857
1,"ETS (PC1*)","(Intercept)",46.2541475897168,3.74716080579123,12.3437850647432,1.38997853694797e-31
1,"ETS (PC1*)","X1",-0.000924946037813094,0.00194114510059567,-0.476495053115432,0.634422760344713
1,"ETS (PC1*)","RIAGENDRFemale",11.8068551430031,1.49546179164132,7.89512323818363,4.90079612834996e-15
1,"ETS (PC1*)","RIDAGEYR",0.71914093799964,0.0435918801046768,16.4971305727758,6.77206427477594e-58
1,"ETS (PC1*)","RIDRETH1Mexican American",-14.7014124012679,2.96728593291827,-4.95449806106463,7.76371924062585e-07
1,"ETS (PC1*)","RIDRETH1Other Hispanic",-10.9603421835093,2.44470772678705,-4.48329346834186,7.70344974773239e-06
1,"ETS (PC1*)","RIDRETH1Non-Hispanic Black",-19.2056700804024,2.41735060113462,-7.94492535397551,2.99149283877854e-15
1,"ETS (PC1*)","RIDRETH1Other Race (Including Multi-Racial)",-6.8777802089378,2.41315461844012,-2.85011998666859,0.00440823194647379
1,"ETS (PC1*)","DMDEDUC2< 9th Grade",-7.8031080755144,3.91802525600077,-1.99159208163942,0.0465319775937012
1,"ETS (PC1*)","DMDEDUC29-11th Grade",-15.3667816932567,3.07812491714625,-4.99225408548504,6.40180940536413e-07
1,"ETS (PC1*)","DMDEDUC2High School Grad/GED or Equivalent",-7.38923452931607,1.92526495634981,-3.83803512599411,0.000127270088263149
1,"ETS (PC1*)","DMDEDUC2Some College or AA Degree",-2.65705960578368,1.70040235315654,-1.56260640362632,0.118279023876755
2,"ETS (PC1*)","(Intercept)",74.0869041032798,1.07322367170512,69.0321188923942,0
2,"ETS (PC1*)","X2",-0.00440974479225225,0.00212228784425395,-2.0778259670061,0.0394204151803452
2,"ETS (PC1*)","RIAGENDRFemale",3.00089792281828,0.500943024315859,5.99049747606851,2.43138395880438e-09
2,"ETS (PC1*)","RIDAGEYR",-0.119390124892184,0.0150998815697342,-7.90669280025917,4.03723137013012e-15
2,"ETS (PC1*)","RIDRETH1Mexican American",-2.99383437545593,1.04674650798543,-2.86013313884167,0.00427284837619791
2,"ETS (PC1*)","RIDRETH1Other Hispanic",0.131226274133949,0.87097183771758,0.150666495116344,0.880252777411085
2,"ETS (PC1*)","RIDRETH1Non-Hispanic Black",-1.29447139853276,0.86673092096332,-1.49351011625849,0.135453336302678
2,"ETS (PC1*)","RIDRETH1Other Race (Including Multi-Racial)",0.569317441124967,0.845849651119796,0.673071674583378,0.500968873860845
2,"ETS (PC1*)","DMDEDUC2< 9th Grade",1.22702999836084,1.35827296316183,0.903375117991391,0.366419118203506
2,"ETS (PC1*)","DMDEDUC29-11th Grade",3.23181382887002,1.07487295256761,3.00669378753089,0.00266891525487718
2,"ETS (PC1*)","DMDEDUC2High School Grad/GED or Equivalent",2.5938843382522,0.674866961847377,3.84354915100854,0.000124515261682256
2,"ETS (PC1*)","DMDEDUC2Some College or AA Degree",2.77245410558137,0.599385453137686,4.62549448116903,3.94666473153292e-06
3,"ETS (PC1*)","(Intercept)",46.3347089301371,1.49505639839557,30.9919471799603,3.83232783723475e-135
3,"ETS (PC1*)","X3",0.0151183718577161,0.026680166674687,0.566652076880006,0.571827278612614
3,"ETS (PC1*)","RIAGENDRFemale",8.83781593794424,0.594521552430361,14.8654256549925,9.46428113630444e-48
3,"ETS (PC1*)","RIDAGEYR",0.110459351643084,0.0179241656970611,6.16259375805678,8.39670885896954e-10
3,"ETS (PC1*)","RIDRETH1Mexican American",-3.57694522124503,1.23569080572276,-2.89469275378549,0.00383045362723112
3,"ETS (PC1*)","RIDRETH1Other Hispanic",-1.9880274760625,1.03471816152594,-1.92132268474989,0.0548204564481294
3,"ETS (PC1*)","RIDRETH1Non-Hispanic Black",2.80044970879463,1.00339377053407,2.79097777067527,0.00529788996012949
3,"ETS (PC1*)","RIDRETH1Other Race (Including Multi-Racial)",-0.1551848702453,0.997412760863318,-0.155587412087027,0.876371538831052
3,"ETS (PC1*)","DMDEDUC2< 9th Grade",-6.37242358015832,1.61597759494651,-3.94338609649426,8.26851817534732e-05
3,"ETS (PC1*)","DMDEDUC29-11th Grade",-4.98237738704303,1.27366569678548,-3.91184075979885,9.41703608092554e-05
3,"ETS (PC1*)","DMDEDUC2High School Grad/GED or Equivalent",-3.48018401076924,0.79733758115513,-4.36475602432708,1.32737111817908e-05
3,"ETS (PC1*)","DMDEDUC2Some College or AA Degree",-3.31498650174359,0.708416584201063,-4.6794309671366,3.04118637453146e-06
4,"ETS (PC1*)","(Intercept)",13.8662397539842,1.79652534104541,7.71836580157301,1.7687081910205e-14
4,"ETS (PC1*)","X4",-0.0293369231721057,0.0271026203071422,-1.08243862916734,0.280512898094607
4,"ETS (PC1*)","RIAGENDRFemale",-2.66082580144984,0.889181033033491,-2.99244552301378,0.00279878655173672
4,"ETS (PC1*)","RIDAGEYR",-0.00627594097901711,0.0263374503206983,-0.238289618114056,0.81167709125799
4,"ETS (PC1*)","RIDRETH1Mexican American",3.31707885549479,1.8242424141778,1.81833227301089,0.069140864064916
4,"ETS (PC1*)","RIDRETH1Other Hispanic",3.19288076272325,1.48774874725764,2.14611557805621,0.0319653566795625
4,"ETS (PC1*)","RIDRETH1Non-Hispanic Black",0.423973523832334,1.46586843359754,0.289230270681125,0.772430481140914
4,"ETS (PC1*)","RIDRETH1Other Race (Including Multi-Racial)",-0.984719907549867,1.47428014482446,-0.667932693122661,0.504241898652884
4,"ETS (PC1*)","DMDEDUC2< 9th Grade",1.30084428519928,2.37659663097807,0.5473559409465,0.584185785331959
4,"ETS (PC1*)","DMDEDUC29-11th Grade",3.06150013433998,1.88428846899825,1.62475129721915,0.104348860711381
4,"ETS (PC1*)","DMDEDUC2High School Grad/GED or Equivalent",3.06949899179919,1.17935733510755,2.60268783720184,0.0093075893909961
4,"ETS (PC1*)","DMDEDUC2Some College or AA Degree",2.14453231474519,1.04407268146328,2.05400673039314,0.0400860367495054
5,"ETS (PC1*)","(Intercept)",377.163578471198,27.5105951707836,13.7097571364703,9.72563039818136e-35
5,"ETS (PC1*)","X5",-0.00462325503367768,0.0683867299246719,-0.0676045636159267,0.946241588414145
5,"ETS (PC1*)","RIAGENDRFemale",26.3273101959864,10.1871229118359,2.58437150742513,0.00983385141684216
5,"ETS (PC1*)","RIDAGEYR",3.45533825664332,0.301683978831617,11.4535026686714,1.53128662707105e-29
5,"ETS (PC1*)","RIDRETH1Mexican American",-47.9060987435085,21.3928209563791,-2.23935397959863,0.0252509503619247
5,"ETS (PC1*)","RIDRETH1Other Hispanic",-63.0047301613049,16.6622440658248,-3.78128719711478,0.000159884714134284
5,"ETS (PC1*)","RIDRETH1Non-Hispanic Black",-104.593101557011,16.4483564626422,-6.35887857820719,2.43144283679661e-10
5,"ETS (PC1*)","RIDRETH1Other Race (Including Multi-Racial)",-55.7886488694691,16.6577447173636,-3.34911176849268,0.000823758987388127
5,"ETS (PC1*)","DMDEDUC2< 9th Grade",-18.8828614686833,26.7541938311213,-0.705790710341576,0.480388293954877
5,"ETS (PC1*)","DMDEDUC29-11th Grade",-45.1809144717278,21.1476011343082,-2.13645577031571,0.0327450188757986
5,"ETS (PC1*)","DMDEDUC2High School Grad/GED or Equivalent",-17.8108605091265,13.3456878408952,-1.33457793419599,0.182147032926452
5,"ETS (PC1*)","DMDEDUC2Some College or AA Degree",6.02226357471009,11.7335216406544,0.513252862963503,0.607823353433929
1,"ETS (PC1*)","(Intercept)",46.0414098587385,3.82199574177808,12.0464314900882,7.43452721009288e-30
1,"ETS (PC1*)","X1",-0.000763830061678175,0.0020485262492115,-0.372868086006798,0.709839827266512
1,"ETS (PC1*)","RIAGENDRFemale",11.8530257840759,1.49716963004839,7.91695579858433,4.161249825489e-15
1,"ETS (PC1*)","RIDAGEYR",0.720167242022621,0.0435519385813808,16.5358251660124,3.78138179508452e-58
1,"ETS (PC1*)","RIDRETH1Mexican American",-14.7280105622064,2.9662258275062,-4.96523576378832,7.35002499766112e-07
1,"ETS (PC1*)","RIDRETH1Other Hispanic",-10.9509146312319,2.45067861089244,-4.46852336432804,8.25280882086357e-06
1,"ETS (PC1*)","RIDRETH1Non-Hispanic Black",-19.1966964455209,2.42537167420804,-7.91495037633322,3.8021441482755e-15
1,"ETS (PC1*)","RIDRETH1Other Race (Including Multi-Racial)",-6.88255076540674,2.41711378120113,-2.84742523042776,0.0044457584658642
1,"ETS (PC1*)","DMDEDUC2< 9th Grade",-7.76382519903691,3.9290860212486,-1.9759875851661,0.0482746758884279
1,"ETS (PC1*)","DMDEDUC29-11th Grade",-15.3611400609149,3.07841106079905,-4.98995740254637,6.47768924013045e-07
1,"ETS (PC1*)","DMDEDUC2High School Grad/GED or Equivalent",-7.38843669720544,1.92382848726383,-3.840486169177,0.000126009361433811
1,"ETS (PC1*)","DMDEDUC2Some College or AA Degree",-2.66621931071521,1.70138710541938,-1.56708564571965,0.117228592497056
2,"ETS (PC1*)","(Intercept)",74.0915547356286,1.08690007585898,68.1677703233888,0
2,"ETS (PC1*)","X2",-0.00438740093979095,0.00231417957510337,-1.89587747942809,0.060240453341299
2,"ETS (PC1*)","RIAGENDRFemale",2.98594471017835,0.505173961936336,5.91072568097768,3.95551892031187e-09
2,"ETS (PC1*)","RIDAGEYR",-0.119480914507964,0.0151250108341901,-7.89955893703411,4.27974673700708e-15
2,"ETS (PC1*)","RIDRETH1Mexican American",-2.9779356075099,1.04857288045747,-2.83998915383992,0.00455158460691358
2,"ETS (PC1*)","RIDRETH1Other Hispanic",0.143630756872156,0.871682270478023,0.164774209292326,0.869137148851957
2,"ETS (PC1*)","RIDRETH1Non-Hispanic Black",-1.29232747508331,0.870831937001114,-1.48401479111308,0.137959710185191
2,"ETS (PC1*)","RIDRETH1Other Race (Including Multi-Racial)",0.576735844386789,0.847142186314915,0.680801704487886,0.4960655119914
2,"ETS (PC1*)","DMDEDUC2< 9th Grade",1.22648494357804,1.3617394989831,0.900675161801456,0.367853741166307
2,"ETS (PC1*)","DMDEDUC29-11th Grade",3.23761817418084,1.07521102672913,3.01114673649684,0.00263025600445321
2,"ETS (PC1*)","DMDEDUC2High School Grad/GED or Equivalent",2.59433295182345,0.673457765136901,3.85225783430691,0.000120174049749413
2,"ETS (PC1*)","DMDEDUC2Some College or AA Degree",2.7874659065777,0.598787689466484,4.65518238870494,3.42194928898867e-06
3,"ETS (PC1*)","(Intercept)",46.3421093594318,1.47937195180095,31.3255292578828,9.27095544670849e-141
3,"ETS (PC1*)","X3",0.0151058502879876,0.0264397456803692,0.57133114934624,0.568641802435403
3,"ETS (PC1*)","RIAGENDRFemale",8.84324297034008,0.594781468875701,14.8680539544317,9.10605305376678e-48
3,"ETS (PC1*)","RIDAGEYR",0.110341804351752,0.0178938165385237,6.16647678901796,8.19071934893827e-10
3,"ETS (PC1*)","RIDRETH1Mexican American",-3.5841782741954,1.23425614826587,-2.90391769911874,0.00371966620473974
3,"ETS (PC1*)","RIDRETH1Other Hispanic",-1.97860389905249,1.03428014931559,-1.91302511254981,0.0558747493437264
3,"ETS (PC1*)","RIDRETH1Non-Hispanic Black",2.80894755202736,1.00419915039056,2.79720168149403,0.00519732235508703
3,"ETS (PC1*)","RIDRETH1Other Race (Including Multi-Racial)",-0.17495675556307,0.996836823410954,-0.175511930793655,0.860692413218526
3,"ETS (PC1*)","DMDEDUC2< 9th Grade",-6.36845911421592,1.61593753808447,-3.9410304941397,8.34957598283186e-05
3,"ETS (PC1*)","DMDEDUC29-11th Grade",-4.98229619982308,1.27371249410208,-3.91163329471413,9.42510512857624e-05
3,"ETS (PC1*)","DMDEDUC2High School Grad/GED or Equivalent",-3.48507104603079,0.796856330951796,-4.37352495131473,1.27547136122068e-05
3,"ETS (PC1*)","DMDEDUC2Some College or AA Degree",-3.32700219279125,0.707533751467489,-4.70225227544375,2.72248311451936e-06
4,"ETS (PC1*)","(Intercept)",13.8412260947253,1.79655285561347,7.70432445195102,1.96557105646763e-14
4,"ETS (PC1*)","X4",-0.0276004321952004,0.0266080461421636,-1.03729646467593,0.300902959300391
4,"ETS (PC1*)","RIAGENDRFemale",-2.64761886272117,0.888749319621801,-2.97903897563358,0.00292339462458188
4,"ETS (PC1*)","RIDAGEYR",-0.00603709048203861,0.0263508069750825,-0.229104576863521,0.818807438688146
4,"ETS (PC1*)","RIDRETH1Mexican American",3.33025974888837,1.82492356028621,1.8248762969371,0.0681468584662837
4,"ETS (PC1*)","RIDRETH1Other Hispanic",3.18939340061558,1.48780899234498,2.14368471828409,0.0321599909250677
4,"ETS (PC1*)","RIDRETH1Non-Hispanic Black",0.435834980879069,1.46634404328734,0.297225595094304,0.766320356217839
4,"ETS (PC1*)","RIDRETH1Other Race (Including Multi-Racial)",-0.969398112161443,1.47389762237138,-0.657710615342307,0.5107882441624
4,"ETS (PC1*)","DMDEDUC2< 9th Grade",1.2915337345985,2.37792256765152,0.543135319950322,0.587087792398165
4,"ETS (PC1*)","DMDEDUC29-11th Grade",3.03050292683136,1.88271500899078,1.60964506702257,0.107608620429429
4,"ETS (PC1*)","DMDEDUC2High School Grad/GED or Equivalent",3.05938946671913,1.17924724559642,2.59435795007672,0.00953545647262324
4,"ETS (PC1*)","DMDEDUC2Some College or AA Degree",2.13490692527888,1.04280817367727,2.04726715724765,0.0407428922062512
5,"ETS (PC1*)","(Intercept)",374.624275584526,25.9148231280768,14.4559842732883,6.9078647550823e-40
5,"ETS (PC1*)","X5",0.00390996229369876,0.0606573697469547,0.0644598061210042,0.948718633996743
5,"ETS (PC1*)","RIAGENDRFemale",26.8292036069059,10.0596367741209,2.66701514272622,0.00771471249110988
5,"ETS (PC1*)","RIDAGEYR",3.46496621928319,0.299912989234869,11.5532382512772,4.84537726417651e-30
5,"ETS (PC1*)","RIDRETH1Mexican American",-48.7100333997787,21.1648736937233,-2.3014563708086,0.0214664771672931
5,"ETS (PC1*)","RIDRETH1Other Hispanic",-63.1684875155076,16.6773689533363,-3.78767704259914,0.000155859390208443
5,"ETS (PC1*)","RIDRETH1Non-Hispanic Black",-104.891733141317,16.4379281027719,-6.38107993206452,2.10834470867109e-10
5,"ETS (PC1*)","RIDRETH1Other Race (Including Multi-Racial)",-56.413487129553,16.6789957309122,-3.38230718681691,0.000730816270219476
5,"ETS (PC1*)","DMDEDUC2< 9th Grade",-18.7845572040237,26.713840558662,-0.70317696037655,0.482014867276987
5,"ETS (PC1*)","DMDEDUC29-11th Grade",-44.7541135437041,21.1182092727064,-2.11921915185988,0.0341758646413948
5,"ETS (PC1*)","DMDEDUC2High School Grad/GED or Equivalent",-17.4684687137701,13.3364251787905,-1.30983141880862,0.19038340015589
5,"ETS (PC1*)","DMDEDUC2Some College or AA Degree",6.42691945710202,11.7233501478441,0.548215260659421,0.583596611917336
1,"SRS","(Intercept)",43.3909213389222,3.83702040000767,11.3084937830499,4.91933827899262e-27
1,"SRS","X1",0.00125397280913202,0.00189592870819056,0.661402933409236,0.509359434010599
1,"SRS","RIAGENDRFemale",12.248398440194,1.44078382787471,8.50120483255391,3.37746828767928e-17
1,"SRS","RIDAGEYR",0.728439209648644,0.0439832564675643,16.5617389013893,3.07827112377119e-58
1,"SRS","RIDRETH1Mexican American",-14.5576132193211,2.97448528798337,-4.8941621187815,1.0539293609504e-06
1,"SRS","RIDRETH1Other Hispanic",-10.5282742999174,2.47416532840153,-4.25528325818038,2.17248840518433e-05
1,"SRS","RIDRETH1Non-Hispanic Black",-18.8625194622465,2.41668820158452,-7.8051109157893,8.8938946600149e-15
1,"SRS","RIDRETH1Other Race (Including Multi-Racial)",-6.66478470193537,2.41489345833261,-2.75986697422964,0.0058271921701482
1,"SRS","DMDEDUC2< 9th Grade",-7.3258817903963,3.90535625081602,-1.87585493355839,0.0607989335459762
1,"SRS","DMDEDUC29-11th Grade",-15.1184896913209,3.09482987215338,-4.88507941174855,1.10351536532115e-06
1,"SRS","DMDEDUC2High School Grad/GED or Equivalent",-7.2586842928027,1.93184144449617,-3.75739132912938,0.000175867335392079
1,"SRS","DMDEDUC2Some College or AA Degree",-2.65899037385946,1.6998087053724,-1.56428800808907,0.117883761056404
2,"SRS","(Intercept)",73.194963243472,1.10304030996115,66.3574690629844,0
2,"SRS","X2",0.000596570377980539,0.00228752352077614,0.260793112097981,0.794657682624523
2,"SRS","RIAGENDRFemale",3.21433078734139,0.50039287822792,6.42361417837231,1.61518047583539e-10
2,"SRS","RIDAGEYR",-0.121003378843511,0.0150888860166727,-8.0193712584088,1.65606710842729e-15
2,"SRS","RIDRETH1Mexican American",-2.70889868275324,1.03947631904451,-2.60602250683619,0.00921765117253507
2,"SRS","RIDRETH1Other Hispanic",0.568429009523527,0.868885973037902,0.654204380278022,0.513047614359613
2,"SRS","RIDRETH1Non-Hispanic Black",-0.80641825036818,0.855021679472206,-0.943155325448557,0.345702735054516
2,"SRS","RIDRETH1Other Race (Including Multi-Racial)",0.717185233339489,0.843783907810413,0.84996315608881,0.395431911921308
2,"SRS","DMDEDUC2< 9th Grade",1.29777954045656,1.35873639394335,0.955137101090019,0.339605779224503
2,"SRS","DMDEDUC29-11th Grade",3.20024228553896,1.08092912162293,2.96064026911778,0.00310073385682834
2,"SRS","DMDEDUC2High School Grad/GED or Equivalent",2.59131133326632,0.672587435521999,3.85275013538602,0.000119899897345988
2,"SRS","DMDEDUC2Some College or AA Degree",2.64742868438082,0.595614110158343,4.44487234138393,9.20236428591539e-06
3,"SRS","(Intercept)",46.8752715553324,1.48012368390212,31.6698341261272,3.0685083178218e-143
3,"SRS","X3",-0.000816433948061903,0.02505140971551,-0.032590339519154,0.974043719584773
3,"SRS","RIAGENDRFemale",8.76696250352925,0.609266109145523,14.3893815394141,8.36079808776292e-45
3,"SRS","RIDAGEYR",0.109540967693515,0.0178737349138744,6.12859977063242,1.03570464638488e-09
3,"SRS","RIDRETH1Mexican American",-3.65633374124548,1.23323999159855,-2.96481931023503,0.0030590480764441
3,"SRS","RIDRETH1Other Hispanic",-2.11922033393966,1.0179093083764,-2.08193433000421,0.0374580720355074
3,"SRS","RIDRETH1Non-Hispanic Black",2.71342003944165,1.00270443768116,2.70610155642342,0.0068574407950002
3,"SRS","RIDRETH1Other Race (Including Multi-Racial)",-0.187508946488936,0.998003548147519,-0.187884047944506,0.850983682470135
3,"SRS","DMDEDUC2< 9th Grade",-6.46960492242994,1.61797800372372,-3.99857408910403,6.56897316767735e-05
3,"SRS","DMDEDUC29-11th Grade",-4.99012617041391,1.27441348552136,-3.91562567966117,9.27155348157967e-05
3,"SRS","DMDEDUC2High School Grad/GED or Equivalent",-3.4841022763731,0.798533603813265,-4.36312543358895,1.33732053358895e-05
3,"SRS","DMDEDUC2Some College or AA Degree",-3.27184641996725,0.703403864904624,-4.65144788536368,3.47761046753179e-06
4,"SRS","(Intercept)",13.7070867354145,1.78750431585945,7.66828175674864,2.57244922106912e-14
4,"SRS","X4",-0.0213388699507004,0.0275680742906258,-0.774042819449177,0.44001269928269
4,"SRS","RIAGENDRFemale",-2.56218705683568,0.880338881690813,-2.9104554054396,0.0036447880964292
4,"SRS","RIDAGEYR",-0.00652131816722039,0.0263622439153776,-0.247373409795984,0.804640723625158
4,"SRS","RIDRETH1Mexican American",3.46689184826352,1.81406845150215,1.91111412879306,0.0561105423984425
4,"SRS","RIDRETH1Other Hispanic",3.16252702845452,1.49291273909544,2.11836026690395,0.0342492688335499
4,"SRS","RIDRETH1Non-Hispanic Black",0.541571060490328,1.47358494176099,0.367519404645334,0.713264703530551
4,"SRS","RIDRETH1Other Race (Including Multi-Racial)",-1.0148944831741,1.48161409101391,-0.68499246148474,0.493416479259022
4,"SRS","DMDEDUC2< 9th Grade",1.23205989225279,2.38192769150153,0.517253272065585,0.60502779373192
4,"SRS","DMDEDUC29-11th Grade",2.98782131173645,1.88428396585097,1.58565341842577,0.112951718110366
4,"SRS","DMDEDUC2High School Grad/GED or Equivalent",3.09579497182562,1.17788632945795,2.62826292690762,0.00863778380205531
4,"SRS","DMDEDUC2Some College or AA Degree",2.19295145900089,1.03934611231042,2.1099337679977,0.034968953315293
5,"SRS","(Intercept)",373.595315929207,24.1233281909754,15.4868894114274,3.99562390084357e-48
5,"SRS","X5",0.00726924064884838,0.0486515914077377,0.149414241929448,0.88140926292727
5,"SRS","RIAGENDRFemale",27.1969767104581,10.1836934916941,2.67063975684658,0.00763305661680016
5,"SRS","RIDAGEYR",3.46484537796612,0.295637585838209,11.7199082388066,7.0652266607451e-31
5,"SRS","RIDRETH1Mexican American",-48.7616214828041,20.3926959506072,-2.39113168758602,0.0168744106829648
5,"SRS","RIDRETH1Other Hispanic",-63.1547156670781,16.6450504025807,-3.79420393087463,0.000151824510324376
5,"SRS","RIDRETH1Non-Hispanic Black",-105.011614213346,16.4262014668927,-6.39293353518147,1.95305609840307e-10
5,"SRS","RIDRETH1Other Race (Including Multi-Racial)",-56.6077566007941,16.634650722421,-3.40300241618512,0.000677736508526619
5,"SRS","DMDEDUC2< 9th Grade",-18.2733539730909,26.7890367176051,-0.682120606489821,0.495229846148645
5,"SRS","DMDEDUC29-11th Grade",-44.2516827396456,21.2527824242557,-2.08215949593223,0.0374362294194192
5,"SRS","DMDEDUC2High School Grad/GED or Equivalent",-17.0593650074485,13.4730634589601,-1.26618308148051,0.205577905569322
5,"SRS","DMDEDUC2Some College or AA Degree",6.58555772898821,11.7134215055156,0.56222323476426,0.574017665788391
1,"ETS (PC1*)","(Intercept)",42.2242720345829,3.83060408452866,11.0228755315961,8.0475193650549e-26
1,"ETS (PC1*)","X1",0.0022394527425605,0.00197790798738158,1.13223302441139,0.259364376727454
1,"ETS (PC1*)","RIAGENDRFemale",12.6024298141772,1.49170082408374,8.44836284240712,5.77159353511467e-17
1,"ETS (PC1*)","RIDAGEYR",0.732038579199646,0.0439381862633547,16.660646272743,7.19555338783026e-59
1,"ETS (PC1*)","RIDRETH1Mexican American",-14.4982567597977,2.97755064081307,-4.86918897736653,1.19501684919692e-06
1,"ETS (PC1*)","RIDRETH1Other Hispanic",-10.3283421400574,2.46761528336718,-4.1855560749988,2.95203098760082e-05
1,"ETS (PC1*)","RIDRETH1Non-Hispanic Black",-18.8259021798643,2.40893616682581,-7.81502741298068,8.2243877005253e-15
1,"ETS (PC1*)","RIDRETH1Other Race (Including Multi-Racial)",-6.77086302941174,2.40633815227727,-2.81376207371522,0.00493699973756575
1,"ETS (PC1*)","DMDEDUC2< 9th Grade",-7.38424373180652,3.89183723218899,-1.89736705089622,0.0579013036929011
1,"ETS (PC1*)","DMDEDUC29-11th Grade",-15.2866040911814,3.07810315620252,-4.96624164800266,7.31317970635104e-07
1,"ETS (PC1*)","DMDEDUC2High School Grad/GED or Equivalent",-7.18360484021628,1.9349444009716,-3.71256395615768,0.000209965100651593
1,"ETS (PC1*)","DMDEDUC2Some College or AA Degree",-2.73129803399664,1.69947685393308,-1.60714047247871,0.108157214491698
2,"ETS (PC1*)","(Intercept)",73.2234612371523,1.07332686239981,68.2210273517563,0
2,"ETS (PC1*)","X2",0.000429986577542542,0.00218359795056515,0.196916551158722,0.844170178541203
2,"ETS (PC1*)","RIAGENDRFemale",3.21066202570775,0.504021262301753,6.37009242634998,2.29027279746419e-10
2,"ETS (PC1*)","RIDAGEYR",-0.121398627679966,0.0151667651854373,-8.00425312818385,1.87445622393686e-15
2,"ETS (PC1*)","RIDRETH1Mexican American",-2.68763527190067,1.05064845078356,-2.55807284529497,0.0105888060862212
2,"ETS (PC1*)","RIDRETH1Other Hispanic",0.557327845924325,0.872435547509904,0.638818360296121,0.523007428086781
2,"ETS (PC1*)","RIDRETH1Non-Hispanic Black",-0.793040762930889,0.872639371927995,-0.908784073286492,0.363569472675764
2,"ETS (PC1*)","RIDRETH1Other Race (Including Multi-Racial)",0.709209930237145,0.84359514103384,0.840699401573125,0.400601585097472
2,"ETS (PC1*)","DMDEDUC2< 9th Grade",1.32020526189157,1.35970131948735,0.970952401803455,0.331671109933267
2,"ETS (PC1*)","DMDEDUC29-11th Grade",3.2312535174311,1.07526499164465,3.00507646258322,0.00268294948991722
2,"ETS (PC1*)","DMDEDUC2High School Grad/GED or Equivalent",2.60867595990043,0.678519594014289,3.84465825734944,0.000123953348563624
2,"ETS (PC1*)","DMDEDUC2Some College or AA Degree",2.67057703088298,0.593570263934283,4.49917590746873,7.15145618946396e-06
3,"ETS (PC1*)","(Intercept)",45.5747969524268,1.53033242421669,29.7809784535897,9.17083445608263e-126
3,"ETS (PC1*)","X3",0.0345234588891325,0.0262512824465312,1.31511513616335,0.190476366484778
3,"ETS (PC1*)","RIAGENDRFemale",8.91183260592325,0.592369736824849,15.0443752472761,7.85504915627812e-49
3,"ETS (PC1*)","RIDAGEYR",0.113059699285484,0.0180458855188865,6.26512338046018,4.43095238956315e-10
3,"ETS (PC1*)","RIDRETH1Mexican American",-3.38900947231551,1.24659041239322,-2.71862308471413,0.00660500376967928
3,"ETS (PC1*)","RIDRETH1Other Hispanic",-1.872792598877,1.02225855523611,-1.83201460069409,0.0670792155977516
3,"ETS (PC1*)","RIDRETH1Non-Hispanic Black",2.90388878564211,1.00245169788562,2.89678673971727,0.00380537802597149
3,"ETS (PC1*)","RIDRETH1Other Race (Including Multi-Racial)",-0.190971079152624,0.997609956860726,-0.191428601768943,0.848206314864969
3,"ETS (PC1*)","DMDEDUC2< 9th Grade",-6.35678606247525,1.6118350670843,-3.94381918614927,8.25332720043736e-05
3,"ETS (PC1*)","DMDEDUC29-11th Grade",-4.85092065831031,1.27925293660945,-3.79199493664422,0.000153212857408579
3,"ETS (PC1*)","DMDEDUC2High School Grad/GED or Equivalent",-3.43027783397339,0.798455967741116,-4.29613901399957,1.80862157802948e-05
3,"ETS (PC1*)","DMDEDUC2Some College or AA Degree",-3.35618122375371,0.705774282544203,-4.75531810489781,2.10148211305276e-06
4,"ETS (PC1*)","(Intercept)",13.8426513534643,1.79192763149997,7.72500580387671,1.67465200286223e-14
4,"ETS (PC1*)","X4",-0.0287810101360232,0.0260046481339418,-1.10676406724603,0.269728251688631
4,"ETS (PC1*)","RIAGENDRFemale",-2.63279135590964,0.883742528601226,-2.9791384602445,0.00292203579344238
4,"ETS (PC1*)","RIDAGEYR",-0.00688809990694869,0.0263666091944327,-0.261243296631525,0.793927659198905
4,"ETS (PC1*)","RIDRETH1Mexican American",3.52728388716491,1.8148201234393,1.94359972187232,0.052062285200378
4,"ETS (PC1*)","RIDRETH1Other Hispanic",3.2980070436292,1.48517161896612,2.22062353031298,0.026470772857858
4,"ETS (PC1*)","RIDRETH1Non-Hispanic Black",0.417136451390181,1.46587632809288,0.284564559366942,0.776002639770766
4,"ETS (PC1*)","RIDRETH1Other Race (Including Multi-Racial)",-0.888059381432293,1.47130677881523,-0.603585461726346,0.546177144922249
4,"ETS (PC1*)","DMDEDUC2< 9th Grade",1.21723003910815,2.37967699142356,0.511510614043459,0.609041308532296
4,"ETS (PC1*)","DMDEDUC29-11th Grade",3.07579065540733,1.88452381456612,1.63213148681567,0.102784905045555
4,"ETS (PC1*)","DMDEDUC2High School Grad/GED or Equivalent",2.982193610966,1.18639446251198,2.51366110109089,0.0120153442174233
4,"ETS (PC1*)","DMDEDUC2Some College or AA Degree",2.19942030710486,1.04006871759435,2.1146874912189,0.0345612954909245
5,"ETS (PC1*)","(Intercept)",387.33611580281,24.6927338077234,15.6862386651436,5.15690179164929e-48
5,"ETS (PC1*)","X5",-0.0425002113777687,0.0555154156171822,-0.765556934146679,0.445278493226271
5,"ETS (PC1*)","RIAGENDRFemale",24.6313496578363,9.98253325451919,2.46744478879501,0.0136865056747794
5,"ETS (PC1*)","RIDAGEYR",3.45703800326447,0.295559727923842,11.6965800027914,9.1851696572017e-31
5,"ETS (PC1*)","RIDRETH1Mexican American",-46.7999585832811,20.4398834679213,-2.2896392074216,0.0221308687343859
5,"ETS (PC1*)","RIDRETH1Other Hispanic",-63.4843019865469,16.6533866311267,-3.81209560509988,0.00014131042978573
5,"ETS (PC1*)","RIDRETH1Non-Hispanic Black",-105.538126792239,16.4472964527034,-6.41674618656806,1.67612619911588e-10
5,"ETS (PC1*)","RIDRETH1Other Race (Including Multi-Racial)",-54.6049285745771,16.6233928062818,-3.28482453677823,0.00103557850560672
5,"ETS (PC1*)","DMDEDUC2< 9th Grade",-21.1726483872719,26.811137796025,-0.789696004263236,0.429785357372075
5,"ETS (PC1*)","DMDEDUC29-11th Grade",-46.5264074553417,21.2227183998088,-2.19229255078657,0.0284565837123276
5,"ETS (PC1*)","DMDEDUC2High School Grad/GED or Equivalent",-19.3642128264026,13.4012655706164,-1.44495403992744,0.148608266421342
5,"ETS (PC1*)","DMDEDUC2Some College or AA Degree",4.36002293465176,11.9326063071698,0.365387311239123,0.714857350633209
1,"ETS (PC1*)","(Intercept)",42.4088427707666,3.78521291381084,11.2038196361511,9.91575287578041e-27
1,"ETS (PC1*)","X1",0.00210949356832244,0.00193837082828219,1.08828173512697,0.278169360650969
1,"ETS (PC1*)","RIAGENDRFemale",12.5642067495802,1.48766642340913,8.44558064353439,5.84258392921752e-17
1,"ETS (PC1*)","RIDAGEYR",0.731322456199572,0.0439633043315513,16.6348382433738,1.07357808890165e-58
1,"ETS (PC1*)","RIDRETH1Mexican American",-14.4719158917422,2.97688928901546,-4.8614222722836,1.24232850872716e-06
1,"ETS (PC1*)","RIDRETH1Other Hispanic",-10.3397051473395,2.47318922379174,-4.18071737005522,3.01589481353366e-05
1,"ETS (PC1*)","RIDRETH1Non-Hispanic Black",-18.8287455908225,2.40680284916674,-7.82313582408346,7.71429474289529e-15
1,"ETS (PC1*)","RIDRETH1Other Race (Including Multi-Racial)",-6.79672976262798,2.40965486269038,-2.82062376146243,0.00483310561623091
1,"ETS (PC1*)","DMDEDUC2< 9th Grade",-7.46955362984604,3.88760142241277,-1.92137845890853,0.0548038834213879
1,"ETS (PC1*)","DMDEDUC29-11th Grade",-15.2974086063734,3.07831309503257,-4.969412835575,7.19580128219954e-07
1,"ETS (PC1*)","DMDEDUC2High School Grad/GED or Equivalent",-7.20278337432056,1.9341613324716,-3.72398271715854,0.000200733109551885
1,"ETS (PC1*)","DMDEDUC2Some College or AA Degree",-2.72202646565395,1.69942527053957,-1.60173354653582,0.109348228722558
2,"ETS (PC1*)","(Intercept)",73.1414866823161,1.07622266301459,67.9612957391557,0
2,"ETS (PC1*)","X2",0.00085823448245647,0.0022134926943019,0.387728626647735,0.698803790622371
2,"ETS (PC1*)","RIAGENDRFemale",3.23139756980341,0.503513221451671,6.41770152626185,1.68366638153974e-10
2,"ETS (PC1*)","RIDAGEYR",-0.12172776829357,0.0151595945471106,-8.02975092211628,1.53139887317875e-15
2,"ETS (PC1*)","RIDRETH1Mexican American",-2.65104834525133,1.04998238899282,-2.52485029562668,0.0116413622751409
2,"ETS (PC1*)","RIDRETH1Other Hispanic",0.601127451614609,0.873516194266404,0.688169785014058,0.491418766418027
2,"ETS (PC1*)","RIDRETH1Non-Hispanic Black",-0.744703695700373,0.872693299330689,-0.853339536663708,0.39356929106885
2,"ETS (PC1*)","RIDRETH1Other Race (Including Multi-Racial)",0.740679141049895,0.845020714346147,0.87652187511523,0.380836025355929
2,"ETS (PC1*)","DMDEDUC2< 9th Grade",1.33020816571218,1.36076204611843,0.977546492795415,0.328398699819699
2,"ETS (PC1*)","DMDEDUC29-11th Grade",3.24341932376187,1.0752843924292,3.01633627959071,0.00258566572298537
2,"ETS (PC1*)","DMDEDUC2High School Grad/GED or Equivalent",2.62790163630544,0.678779458625696,3.87151025699286,0.000111143733105365
2,"ETS (PC1*)","DMDEDUC2Some College or AA Degree",2.67025993164902,0.593470363830921,4.49939894961592,7.14389666821697e-06
3,"ETS (PC1*)","(Intercept)",45.6416681460644,1.4663994484252,31.1249899848776,8.44965097772465e-150
3,"ETS (PC1*)","X3",0.0323630566834836,0.0234272118605107,1.38143014525921,0.168665396726123
3,"ETS (PC1*)","RIAGENDRFemale",8.8962557170885,0.588812813452527,15.108801156899,2.85298278678273e-49
3,"ETS (PC1*)","RIDAGEYR",0.112988985052287,0.0180160386940326,6.27157761876433,4.2476153563917e-10
3,"ETS (PC1*)","RIDRETH1Mexican American",-3.38521681033807,1.24463826640403,-2.71983989381794,0.00658036083499527
3,"ETS (PC1*)","RIDRETH1Other Hispanic",-1.88142683856718,1.02059094489597,-1.84346808873457,0.0653890168692032
3,"ETS (PC1*)","RIDRETH1Non-Hispanic Black",2.8908369153203,0.999911195803814,2.89109365656856,0.0038743796984454
3,"ETS (PC1*)","RIDRETH1Other Race (Including Multi-Racial)",-0.184779679202499,0.996198511027734,-0.185484797615156,0.852864706189378
3,"ETS (PC1*)","DMDEDUC2< 9th Grade",-6.35938944990116,1.61158683457504,-3.94604207075077,8.1773523872685e-05
3,"ETS (PC1*)","DMDEDUC29-11th Grade",-4.84566595530287,1.27850373524383,-3.79010699908414,0.000154361174966706
3,"ETS (PC1*)","DMDEDUC2High School Grad/GED or Equivalent",-3.42995872759102,0.797533342924543,-4.30070887696483,1.77175494250843e-05
3,"ETS (PC1*)","DMDEDUC2Some College or AA Degree",-3.33787962336608,0.704639322592196,-4.7370044735608,2.29799064267041e-06
4,"ETS (PC1*)","(Intercept)",13.8093267217084,1.79258848603107,7.70356767842649,1.97393811555299e-14
4,"ETS (PC1*)","X4",-0.0261612591829759,0.0268232248140546,-0.975321176492849,0.330675872730758
4,"ETS (PC1*)","RIAGENDRFemale",-2.61631749534886,0.884609510745768,-2.95759593760548,0.00313348647967438
4,"ETS (PC1*)","RIDAGEYR",-0.00687843334781651,0.0263493566967118,-0.261047486926877,0.794078603445257
4,"ETS (PC1*)","RIDRETH1Mexican American",3.53301608354862,1.81501622112207,1.94654793848864,0.0517072666548246
4,"ETS (PC1*)","RIDRETH1Other Hispanic",3.29360265073774,1.48519955064526,2.2176162451078,0.0266755727832615
4,"ETS (PC1*)","RIDRETH1Non-Hispanic Black",0.421400871524732,1.46599607322454,0.287450204827518,0.773792768655994
4,"ETS (PC1*)","RIDRETH1Other Race (Including Multi-Racial)",-0.878576487381607,1.47067225023215,-0.597397881984187,0.550298872672896
4,"ETS (PC1*)","DMDEDUC2< 9th Grade",1.23771219843222,2.38049167678772,0.519939729469002,0.603154270715264
4,"ETS (PC1*)","DMDEDUC29-11th Grade",3.05516573386768,1.88519748937571,1.620607788354,0.105235269828192
4,"ETS (PC1*)","DMDEDUC2High School Grad/GED or Equivalent",2.98465500035542,1.18785803610283,2.5126361144532,0.0120504550962925
4,"ETS (PC1*)","DMDEDUC2Some College or AA Degree",2.19231130324308,1.03913942383125,2.10973739708591,0.0349858342663753
5,"ETS (PC1*)","(Intercept)",386.437461435291,27.0643210017056,14.2784835211989,1.46137111687252e-37
5,"ETS (PC1*)","X5",-0.038441035264023,0.0671958307450547,-0.57207470817454,0.568562119142261
5,"ETS (PC1*)","RIAGENDRFemale",24.7885379619027,10.2236032828376,2.42463809247326,0.015424268788936
5,"ETS (PC1*)","RIDAGEYR",3.45327682432752,0.295348350034515,11.6922164079263,9.63009466534185e-31
5,"ETS (PC1*)","RIDRETH1Mexican American",-47.0620751255302,20.4983488327696,-2.2958959040786,0.0217707446217636
5,"ETS (PC1*)","RIDRETH1Other Hispanic",-63.3546403096286,16.6647590957287,-3.80171354087361,0.000147336293619367
5,"ETS (PC1*)","RIDRETH1Non-Hispanic Black",-105.457511772479,16.4871106353944,-6.39636101829047,1.91367238774447e-10
5,"ETS (PC1*)","RIDRETH1Other Race (Including Multi-Racial)",-54.7410068674445,16.6995705678681,-3.27798889468287,0.00106118755808768
5,"ETS (PC1*)","DMDEDUC2< 9th Grade",-20.8595643452619,26.9012303093585,-0.775413024065492,0.438175086054456
5,"ETS (PC1*)","DMDEDUC29-11th Grade",-46.5165581332774,21.2647089901809,-2.18750033940068,0.0288054844014709
5,"ETS (PC1*)","DMDEDUC2High School Grad/GED or Equivalent",-19.3049118813828,13.5443602879863,-1.42530997927647,0.154213430617203
5,"ETS (PC1*)","DMDEDUC2Some College or AA Degree",4.36989272069658,12.1210276370825,0.360521636575394,0.718495905167457
1,"SRS","(Intercept)",45.5052140064733,3.59440582808456,12.6600100775829,1.48698528912007e-33
1,"SRS","X1",-0.000351597005162486,0.00192588930763879,-0.182563454591041,0.855389048495751
1,"SRS","RIAGENDRFemale",11.9835835592531,1.44507865386038,8.29268602594061,1.89710926535197e-16
1,"SRS","RIDAGEYR",0.721630148517108,0.0431960699675908,16.7059213733688,2.61987152906116e-59
1,"SRS","RIDRETH1Mexican American",-14.6694136828633,2.97620858875596,-4.92889300107661,8.84426774064888e-07
1,"SRS","RIDRETH1Other Hispanic",-10.8796805048915,2.45992159681161,-4.42277531080384,1.01951924713268e-05
1,"SRS","RIDRETH1Non-Hispanic Black",-19.1691718571729,2.47228556957454,-7.75362364812564,1.3593163966973e-14
1,"SRS","RIDRETH1Other Race (Including Multi-Racial)",-6.82895994546552,2.41150956520572,-2.83181955568274,0.004667590801262
1,"SRS","DMDEDUC2< 9th Grade",-7.64322369369349,3.92044251956073,-1.94958187897367,0.0513455260143168
1,"SRS","DMDEDUC29-11th Grade",-15.3528309017338,3.08366273940021,-4.97876460534075,6.86061275762711e-07
1,"SRS","DMDEDUC2High School Grad/GED or Equivalent",-7.42979915738777,1.93264049628068,-3.84437725054723,0.000124059806411389
1,"SRS","DMDEDUC2Some College or AA Degree",-2.7102203428548,1.69835565717519,-1.59579080589198,0.110668864209188
2,"SRS","(Intercept)",73.8948217424565,1.10134028269616,67.0953590851657,0
2,"SRS","X2",-0.00274409643176643,0.00215706363346189,-1.27214440464253,0.205343575113443
2,"SRS","RIAGENDRFemale",3.08616852728226,0.499032352611581,6.18430550871392,7.37003063146423e-10
2,"SRS","RIDAGEYR",-0.121369308900088,0.0150775556934262,-8.04966742407752,1.30293452854722e-15
2,"SRS","RIDRETH1Mexican American",-2.863357244275,1.04160976366316,-2.74897312233814,0.00602397544289231
2,"SRS","RIDRETH1Other Hispanic",0.254241954051474,0.872903567860198,0.291260069740249,0.770880061998065
2,"SRS","RIDRETH1Non-Hispanic Black",-1.16274817424119,0.876379754578753,-1.32676293372396,0.184737027431673
2,"SRS","RIDRETH1Other Race (Including Multi-Racial)",0.533747595237616,0.85111071192492,0.627118878612704,0.530643502370367
2,"SRS","DMDEDUC2< 9th Grade",1.2759217560654,1.35981039804125,0.938308574418399,0.348181828654731
2,"SRS","DMDEDUC29-11th Grade",3.34290787001483,1.0780941332459,3.1007569440621,0.00195308215081113
2,"SRS","DMDEDUC2High School Grad/GED or Equivalent",2.53850557883757,0.674214453817955,3.76513075989764,0.000170541994738066
2,"SRS","DMDEDUC2Some College or AA Degree",2.75835512265065,0.596970168064751,4.62059122919432,4.0345154277724e-06
3,"SRS","(Intercept)",47.1227880922578,1.50711020326314,31.2669823283189,9.53107457059297e-139
3,"SRS","X3",-0.00740549576500357,0.0254698436726777,-0.290755446329954,0.771605292172648
3,"SRS","RIAGENDRFemale",8.73056787055118,0.600358216529938,14.5422643184826,8.28824328637657e-46
3,"SRS","RIDAGEYR",0.108865496131543,0.0179685515199611,6.05866844695886,1.59505726073345e-09
3,"SRS","RIDRETH1Mexican American",-3.66629301021444,1.23017553511459,-2.98030070145472,0.00290901665075489
3,"SRS","RIDRETH1Other Hispanic",-2.16478134565667,1.01771272549958,-2.12710452705995,0.0335166603431517
3,"SRS","RIDRETH1Non-Hispanic Black",2.70471048203175,0.99507173379318,2.71810603213649,0.00661361516943534
3,"SRS","RIDRETH1Other Race (Including Multi-Racial)",-0.238477966048881,1.00467497425599,-0.237368275471862,0.812391900138678
3,"SRS","DMDEDUC2< 9th Grade",-6.50714938526195,1.61867324394979,-4.02005124232708,6.0018501694051e-05
3,"SRS","DMDEDUC29-11th Grade",-4.98530448096736,1.27492518800839,-3.91027216958125,9.47825476444622e-05
3,"SRS","DMDEDUC2High School Grad/GED or Equivalent",-3.48832429596307,0.796899291098561,-4.3773715636693,1.25333799117241e-05
3,"SRS","DMDEDUC2Some College or AA Degree",-3.26505992708313,0.704995906474594,-4.63131756808406,3.83086379188575e-06
4,"SRS","(Intercept)",14.1159978246042,1.83215319255924,7.70459472599359,2.09491575855735e-14
4,"SRS","X4",-0.0438540501489366,0.0341051414806591,-1.28584865052696,0.20131067840659
4,"SRS","RIAGENDRFemale",-2.66429674182955,0.883570047294891,-3.01537693585978,0.00259695945974566
4,"SRS","RIDAGEYR",-0.00832673904993945,0.0263914736400246,-0.315508681459581,0.752403478932055
4,"SRS","RIDRETH1Mexican American",3.12240335679919,1.83613827492404,1.7005273510397,0.089167751848471
4,"SRS","RIDRETH1Other Hispanic",3.2747635838796,1.48912268932195,2.19912275016824,0.0279665512608291
4,"SRS","RIDRETH1Non-Hispanic Black",0.346723647032573,1.46799033387477,0.236189325659519,0.813306314603737
4,"SRS","RIDRETH1Other Race (Including Multi-Racial)",-1.10874721008048,1.48220668368211,-0.748038193517061,0.454513246765399
4,"SRS","DMDEDUC2< 9th Grade",1.18773978503398,2.3800322647896,0.499043564495115,0.61779531711494
4,"SRS","DMDEDUC29-11th Grade",3.06507111190689,1.88426280012492,1.62666858980801,0.103941287154993
4,"SRS","DMDEDUC2High School Grad/GED or Equivalent",3.09256338199095,1.17759662653165,2.62616528641001,0.00869127154507459
4,"SRS","DMDEDUC2Some College or AA Degree",2.04129362649865,1.04878875807604,1.94633438886522,0.0517364737993524
5,"SRS","(Intercept)",388.11527023189,24.0356203926609,16.1475037420045,5.60183189731568e-52
5,"SRS","X5",-0.0432536410237579,0.0484560249841218,-0.892637005159449,0.37330734488939
5,"SRS","RIAGENDRFemale",24.4391009271647,9.97409052138186,2.45025858495806,0.0143545178273229
5,"SRS","RIDAGEYR",3.44169371911801,0.296020665034146,11.6265319474267,2.00385770515523e-30
5,"SRS","RIDRETH1Mexican American",-46.5364379631513,20.4219403068807,-2.27874713488767,0.0227713538662398
5,"SRS","RIDRETH1Other Hispanic",-62.2174939158413,16.6951575855231,-3.72667904433511,0.000198579340699844
5,"SRS","RIDRETH1Non-Hispanic Black",-104.161741894586,16.4638079537847,-6.32671021108706,2.98617201628647e-10
5,"SRS","RIDRETH1Other Race (Including Multi-Racial)",-55.4324734481186,16.5333755138175,-3.3527620177617,0.000812756349767182
5,"SRS","DMDEDUC2< 9th Grade",-21.4850190923893,26.7972895288922,-0.801760904558075,0.422772430339779
5,"SRS","DMDEDUC29-11th Grade",-46.126219450013,21.1636436655893,-2.17950274436963,0.0293930475518727
5,"SRS","DMDEDUC2High School Grad/GED or Equivalent",-19.5599298774336,13.3827656662406,-1.46157605724021,0.143994190292107
5,"SRS","DMDEDUC2Some College or AA Degree",4.73809388709336,11.7845310837245,0.402060451402864,0.687676726487778
1,"ETS (PC1*)","(Intercept)",43.1886362364509,3.5361095735815,12.2136023609438,8.16571992283321e-32
1,"ETS (PC1*)","X1",0.00168115981667894,0.00181297275952629,0.927294581700281,0.355128532077029
1,"ETS (PC1*)","RIAGENDRFemale",12.3712557657517,1.45287708679193,8.51500507387614,3.06047025821069e-17
1,"ETS (PC1*)","RIDAGEYR",0.723973404876713,0.0431499108579172,16.7780973467267,8.84527185339258e-60
1,"ETS (PC1*)","RIDRETH1Mexican American",-14.7455273960563,2.96715887716503,-4.96957797222672,7.18962012637299e-07
1,"ETS (PC1*)","RIDRETH1Other Hispanic",-10.652372390162,2.4375767253511,-4.37006650062582,1.29594103002726e-05
1,"ETS (PC1*)","RIDRETH1Non-Hispanic Black",-18.6504223581992,2.4365760376287,-7.65435679830044,2.84066091713766e-14
1,"ETS (PC1*)","RIDRETH1Other Race (Including Multi-Racial)",-6.71180042640273,2.40863150960577,-2.78656174663317,0.00536956603662956
1,"ETS (PC1*)","DMDEDUC2< 9th Grade",-7.02948325294114,3.93262021530352,-1.78748083163139,0.0739904213190125
1,"ETS (PC1*)","DMDEDUC29-11th Grade",-15.217818214431,3.0798014767056,-4.94116855567886,8.30840430976606e-07
1,"ETS (PC1*)","DMDEDUC2High School Grad/GED or Equivalent",-7.27808998820286,1.92891491463783,-3.77315242521695,0.000165167836896529
1,"ETS (PC1*)","DMDEDUC2Some College or AA Degree",-2.66702930869672,1.69891543771798,-1.56984229437525,0.116585539928769
2,"ETS (PC1*)","(Intercept)",73.7225604862685,1.05534036253848,69.8566671978119,0
2,"ETS (PC1*)","X2",-0.00256699528499631,0.00204570278154318,-1.25482318749154,0.211324937211485
2,"ETS (PC1*)","RIAGENDRFemale",3.13272131782137,0.494310687555842,6.33755530011167,2.79104945722607e-10
2,"ETS (PC1*)","RIDAGEYR",-0.119269068006648,0.0151323686857299,-7.8817183537909,4.90091452397354e-15
2,"ETS (PC1*)","RIDRETH1Mexican American",-2.86766570950305,1.04455948047185,-2.74533500783284,0.00609131739250592
2,"ETS (PC1*)","RIDRETH1Other Hispanic",0.327978611856718,0.863759224086195,0.379710691024689,0.704195714417682
2,"ETS (PC1*)","RIDRETH1Non-Hispanic Black",-1.13867061265498,0.869818638324195,-1.30908969121282,0.190644748946425
2,"ETS (PC1*)","RIDRETH1Other Race (Including Multi-Racial)",0.504918189098809,0.855667052800572,0.590087216103772,0.555190739075134
2,"ETS (PC1*)","DMDEDUC2< 9th Grade",1.23742626412031,1.35932311703222,0.910325329287384,0.362743719833894
2,"ETS (PC1*)","DMDEDUC29-11th Grade",3.22352179258021,1.07524063356583,2.99795384581961,0.00274625594527893
2,"ETS (PC1*)","DMDEDUC2High School Grad/GED or Equivalent",2.58255014949457,0.672689774682028,3.83913989285077,0.00012670947612698
2,"ETS (PC1*)","DMDEDUC2Some College or AA Degree",2.72694548666163,0.595863762559143,4.57645800602107,4.97603694510478e-06
3,"ETS (PC1*)","(Intercept)",46.7694808892869,1.52223590290965,30.7242003686093,8.70877843222722e-132
3,"ETS (PC1*)","X3",0.00212097230184883,0.0261325425770431,0.0811621102537516,0.935423766742395
3,"ETS (PC1*)","RIAGENDRFemale",8.789737207356,0.596488356358739,14.7358068496306,5.60782436846733e-47
3,"ETS (PC1*)","RIDAGEYR",0.109813651338785,0.0181010727588576,6.06669299669263,1.5225037399971e-09
3,"ETS (PC1*)","RIDRETH1Mexican American",-3.62700381321333,1.24382334856838,-2.91601200233776,0.00357951507859489
3,"ETS (PC1*)","RIDRETH1Other Hispanic",-2.10669887321084,1.01948032040818,-2.06644388424031,0.0388978168053761
3,"ETS (PC1*)","RIDRETH1Non-Hispanic Black",2.72876751120119,0.996966098573217,2.73707151637995,0.00624545993213464
3,"ETS (PC1*)","RIDRETH1Other Race (Including Multi-Racial)",-0.185393484704596,1.00222078599081,-0.184982677765273,0.85325861413762
3,"ETS (PC1*)","DMDEDUC2< 9th Grade",-6.45964167004168,1.60893822718828,-4.0148475316733,6.13311764214131e-05
3,"ETS (PC1*)","DMDEDUC29-11th Grade",-4.99308606890982,1.27694659403581,-3.91017611247867,9.48256486733375e-05
3,"ETS (PC1*)","DMDEDUC2High School Grad/GED or Equivalent",-3.47488352564099,0.798248266220108,-4.35313632699182,1.39915540442777e-05
3,"ETS (PC1*)","DMDEDUC2Some College or AA Degree",-3.27899400955092,0.704171694281226,-4.65652629348857,3.39402643972805e-06
4,"ETS (PC1*)","(Intercept)",14.1284986650126,1.80858728754294,7.81189758566027,8.72041110000515e-15
4,"ETS (PC1*)","X4",-0.0422029782302843,0.0278375916731106,-1.51604272114709,0.131370555522761
4,"ETS (PC1*)","RIAGENDRFemale",-2.66825756168507,0.875853323818924,-3.04646621657019,0.00234215262461014
4,"ETS (PC1*)","RIDAGEYR",-0.00829088082188837,0.0263999886606059,-0.314048650871583,0.753511943103635
4,"ETS (PC1*)","RIDRETH1Mexican American",3.2189230980504,1.82388387359881,1.76487283244572,0.0777153287184051
4,"ETS (PC1*)","RIDRETH1Other Hispanic",3.11874970268205,1.48929088859197,2.09411722489662,0.0363562948709401
4,"ETS (PC1*)","RIDRETH1Non-Hispanic Black",0.303891412341497,1.46736455439064,0.207100145244884,0.835949498315198
4,"ETS (PC1*)","RIDRETH1Other Race (Including Multi-Racial)",-1.07526521325424,1.47679679016526,-0.728106412754263,0.466621114857749
4,"ETS (PC1*)","DMDEDUC2< 9th Grade",0.949126253846542,2.39071960429896,0.397004421656071,0.691400369446749
4,"ETS (PC1*)","DMDEDUC29-11th Grade",3.10152934042008,1.88283651256615,1.64726428434986,0.0996366423524501
4,"ETS (PC1*)","DMDEDUC2High School Grad/GED or Equivalent",3.01812968221252,1.18045561597084,2.55674981878105,0.0106279073069389
4,"ETS (PC1*)","DMDEDUC2Some College or AA Degree",2.09729159327935,1.04323689644538,2.01036945723973,0.0445066327544569
5,"ETS (PC1*)","(Intercept)",342.224374307057,26.5826416231271,12.8739791612478,1.30780684564133e-32
5,"ETS (PC1*)","X5",0.109060718601806,0.0581092011665441,1.87682357376127,0.0630655579720201
5,"ETS (PC1*)","RIAGENDRFemale",32.0539475718502,10.053526161728,3.18832885658305,0.00145335248420387
5,"ETS (PC1*)","RIDAGEYR",3.53316620356022,0.298334534257125,11.8429675342751,1.91819699527558e-31
5,"ETS (PC1*)","RIDRETH1Mexican American",-50.1721000711802,20.4093983438924,-2.45828413095746,0.0140327676947887
5,"ETS (PC1*)","RIDRETH1Other Hispanic",-63.8298395714676,16.6703662885028,-3.82894043638919,0.000132070627897184
5,"ETS (PC1*)","RIDRETH1Non-Hispanic Black",-103.565505850009,16.458019867565,-6.29270754825812,3.71154491651228e-10
5,"ETS (PC1*)","RIDRETH1Other Race (Including Multi-Racial)",-58.3231239924391,16.576719065239,-3.51837560634911,0.000442570208182153
5,"ETS (PC1*)","DMDEDUC2< 9th Grade",-13.9806190879367,26.7202211707819,-0.523222431378083,0.60086901496177
5,"ETS (PC1*)","DMDEDUC29-11th Grade",-41.9269293901396,21.1367838089282,-1.98360023781999,0.0474169802928935
5,"ETS (PC1*)","DMDEDUC2High School Grad/GED or Equivalent",-10.5792682437581,13.7269044624854,-0.770695845714559,0.440979425968307
5,"ETS (PC1*)","DMDEDUC2Some College or AA Degree",10.6267428619489,11.87343757702,0.895001366960146,0.370884491640495
1,"ETS (PC1*)","(Intercept)",43.1682097995097,3.6441710956775,11.8458241026919,1.27101345577176e-29
1,"ETS (PC1*)","X1",0.00167251402198453,0.00193479535812913,0.864439753257305,0.388793228682087
1,"ETS (PC1*)","RIAGENDRFemale",12.3724348620178,1.45856618436787,8.48260092316614,4.06865846729882e-17
1,"ETS (PC1*)","RIDAGEYR",0.724338395833768,0.0431660181075665,16.7802921740145,8.63268854571428e-60
1,"ETS (PC1*)","RIDRETH1Mexican American",-14.7214743090673,2.96868953811932,-4.95891339260537,7.59211313844887e-07
1,"ETS (PC1*)","RIDRETH1Other Hispanic",-10.642859262813,2.44097580625126,-4.3600838793883,1.35621698436021e-05
1,"ETS (PC1*)","RIDRETH1Non-Hispanic Black",-18.6387598516456,2.44522710837375,-7.62250663254003,3.63641928607509e-14
1,"ETS (PC1*)","RIDRETH1Other Race (Including Multi-Racial)",-6.711483042458,2.4079266267505,-2.78724566101715,0.00535826233711247
1,"ETS (PC1*)","DMDEDUC2< 9th Grade",-6.98604833283749,3.94222448551904,-1.77210819893675,0.0765091250769626
1,"ETS (PC1*)","DMDEDUC29-11th Grade",-15.246996546478,3.0786822304433,-4.95244244297424,7.84545648976292e-07
1,"ETS (PC1*)","DMDEDUC2High School Grad/GED or Equivalent",-7.27917949925342,1.93013523228177,-3.77133134378782,0.000166379396922891
1,"ETS (PC1*)","DMDEDUC2Some College or AA Degree",-2.64394304946013,1.69996732275264,-1.55529051298408,0.120010843352105
2,"ETS (PC1*)","(Intercept)",73.7709133611181,1.05116766432658,70.1799683006598,0
2,"ETS (PC1*)","X2",-0.00282531317359516,0.00195762642977488,-1.44323407705528,0.150661069555653
2,"ETS (PC1*)","RIAGENDRFemale",3.12688097567406,0.494174350043267,6.32748538122281,2.9758162159705e-10
2,"ETS (PC1*)","RIDAGEYR",-0.119119731403013,0.0151328043389623,-7.87162304717815,5.30478572075599e-15
2,"ETS (PC1*)","RIDRETH1Mexican American",-2.89384397383905,1.0439189133446,-2.77209650754147,0.00561380348201609
2,"ETS (PC1*)","RIDRETH1Other Hispanic",0.295741131417361,0.863436374718226,0.342516414731627,0.731993832517222
2,"ETS (PC1*)","RIDRETH1Non-Hispanic Black",-1.18312538102344,0.870780371316013,-1.35869551036776,0.174387063964879
2,"ETS (PC1*)","RIDRETH1Other Race (Including Multi-Racial)",0.469274366180627,0.856905196503312,0.547638604708606,0.583993896820241
2,"ETS (PC1*)","DMDEDUC2< 9th Grade",1.22149507138842,1.36005790434658,0.898119901722322,0.369213193079462
2,"ETS (PC1*)","DMDEDUC29-11th Grade",3.21927338119376,1.0750370374068,2.9945697396243,0.00277678435370278
2,"ETS (PC1*)","DMDEDUC2High School Grad/GED or Equivalent",2.58741916402606,0.672723250477653,3.84618661862648,0.000123145542544074
2,"ETS (PC1*)","DMDEDUC2Some College or AA Degree",2.72472234130965,0.595072494318026,4.57880740132726,4.92008868640052e-06
3,"ETS (PC1*)","(Intercept)",46.8356618203058,1.50607348917177,31.0978595380906,5.38346466949409e-138
3,"ETS (PC1*)","X3",0.000227701878088963,0.0250113797467476,0.00910393110634261,0.992747291346352
3,"ETS (PC1*)","RIAGENDRFemale",8.7753863482308,0.59816188249841,14.6705876870282,1.43706722121647e-46
3,"ETS (PC1*)","RIDAGEYR",0.109627442374799,0.0180848983356697,6.06182242996502,1.5680153430639e-09
3,"ETS (PC1*)","RIDRETH1Mexican American",-3.64196713753412,1.24394274201338,-2.92776107334284,0.003447536017635
3,"ETS (PC1*)","RIDRETH1Other Hispanic",-2.11885771725419,1.02143864120147,-2.07438570638162,0.0381547957945705
3,"ETS (PC1*)","RIDRETH1Non-Hispanic Black",2.72028128180643,0.997100403047674,2.72819193883765,0.00641554026790046
3,"ETS (PC1*)","RIDRETH1Other Race (Including Multi-Racial)",-0.186294739147648,1.0004978294976,-0.186202042278487,0.852302356737592
3,"ETS (PC1*)","DMDEDUC2< 9th Grade",-6.46031684052638,1.60915851302449,-4.01471749876519,6.13648044684736e-05
3,"ETS (PC1*)","DMDEDUC29-11th Grade",-4.98774471473337,1.27674582568251,-3.90660741895676,9.62265197784839e-05
3,"ETS (PC1*)","DMDEDUC2High School Grad/GED or Equivalent",-3.47594979293411,0.798772942759501,-4.35161183718346,1.40891469298655e-05
3,"ETS (PC1*)","DMDEDUC2Some College or AA Degree",-3.27360019928541,0.703872904058062,-4.65083991784882,3.48784811035967e-06
4,"ETS (PC1*)","(Intercept)",14.2202782689829,1.7999347004384,7.90044120240546,4.32431852450336e-15
4,"ETS (PC1*)","X4",-0.0466583930935793,0.0244498072174009,-1.90833378270454,0.0574686757725894
4,"ETS (PC1*)","RIAGENDRFemale",-2.70390989072205,0.874596437214679,-3.09160862732665,0.00201473637232714
4,"ETS (PC1*)","RIDAGEYR",-0.0088034443056497,0.0263787072716428,-0.333732969360233,0.738610760771176
4,"ETS (PC1*)","RIDRETH1Mexican American",3.17368711753188,1.82470166812658,1.73929096080145,0.0821150508791205
4,"ETS (PC1*)","RIDRETH1Other Hispanic",3.08008025639312,1.48797100565203,2.06998674348727,0.0385621657648857
4,"ETS (PC1*)","RIDRETH1Non-Hispanic Black",0.2932706910977,1.46819379930023,0.199749305055967,0.841693872201469
4,"ETS (PC1*)","RIDRETH1Other Race (Including Multi-Racial)",-1.10126334897659,1.47711524871676,-0.745550050974904,0.456013981625583
4,"ETS (PC1*)","DMDEDUC2< 9th Grade",0.913860510910562,2.38898167326605,0.382531402872252,0.702101896065707
4,"ETS (PC1*)","DMDEDUC29-11th Grade",3.13144397718376,1.88443318101268,1.6617431749429,0.0966971212203537
4,"ETS (PC1*)","DMDEDUC2High School Grad/GED or Equivalent",2.99916374565036,1.18081915295429,2.53990099851171,0.0111524176564148
4,"ETS (PC1*)","DMDEDUC2Some College or AA Degree",2.08484230933469,1.04354537233552,1.99784538804353,0.0458491082810137
5,"ETS (PC1*)","(Intercept)",337.963041064589,26.1770649626293,12.9106544812059,4.17763915006234e-33
5,"ETS (PC1*)","X5",0.124073203926689,0.0565449783524267,2.19423912683069,0.0301462547701673
5,"ETS (PC1*)","RIAGENDRFemale",32.8751452797005,10.1026166354502,3.25412182467079,0.00115760055801747
5,"ETS (PC1*)","RIDAGEYR",3.53685227852554,0.298178645169064,11.861521057352,1.56436503576547e-31
5,"ETS (PC1*)","RIDRETH1Mexican American",-50.2894028762872,20.3875417739733,-2.46667319845723,0.0137091075243848
5,"ETS (PC1*)","RIDRETH1Other Hispanic",-64.0905883697976,16.6727361900631,-3.84403541441478,0.000124258320363576
5,"ETS (PC1*)","RIDRETH1Non-Hispanic Black",-103.582604608613,16.4569701578658,-6.29414792729054,3.67933661760801e-10
5,"ETS (PC1*)","RIDRETH1Other Race (Including Multi-Racial)",-58.7838910088844,16.5814530764569,-3.54515920515727,0.000400199170872144
5,"ETS (PC1*)","DMDEDUC2< 9th Grade",-13.3602291017667,26.709792801593,-0.500199653400899,0.616981604488054
5,"ETS (PC1*)","DMDEDUC29-11th Grade",-41.659078634297,21.1122519721903,-1.97321814315079,0.0485879490307737
5,"ETS (PC1*)","DMDEDUC2High School Grad/GED or Equivalent",-9.53540559555978,13.7294528181593,-0.694521895508302,0.487437212707157
5,"ETS (PC1*)","DMDEDUC2Some College or AA Degree",11.1111035266359,11.8204555042636,0.939989454943437,0.347324414611484
1,"SRS","(Intercept)",44.0156034485578,3.77455841668051,11.6611265715333,2.94848262857506e-28
1,"SRS","X1",0.000947260024137139,0.00212313706005626,0.446160562103343,0.65625391852466
1,"SRS","RIAGENDRFemale",12.2452516752736,1.48266066181223,8.25897117976168,2.70275378762613e-16
1,"SRS","RIDAGEYR",0.723492271672726,0.043265855139006,16.7220148393754,2.14150782339135e-59
1,"SRS","RIDRETH1Mexican American",-14.7384698258558,2.96588320809915,-4.96933587459154,7.19800188357457e-07
1,"SRS","RIDRETH1Other Hispanic",-10.5822102003964,2.48822096777268,-4.25292220323544,2.19724710128802e-05
1,"SRS","RIDRETH1Non-Hispanic Black",-18.8912136056878,2.42638330835143,-7.78574990219628,1.03759172933918e-14
1,"SRS","RIDRETH1Other Race (Including Multi-Racial)",-6.72873195269137,2.40893447836484,-2.79323992126958,0.00526032504936684
1,"SRS","DMDEDUC2< 9th Grade",-7.43263881528078,3.8963659107471,-1.9075823435319,0.056566335938382
1,"SRS","DMDEDUC29-11th Grade",-15.3453077718235,3.08195614012891,-4.97908051708409,6.84955145343086e-07
1,"SRS","DMDEDUC2High School Grad/GED or Equivalent",-7.27509966863481,1.93746645434219,-3.75495516442625,0.000177606251372905
1,"SRS","DMDEDUC2Some College or AA Degree",-2.6977566731504,1.69902265646203,-1.58782854536389,0.11245872306447
2,"SRS","(Intercept)",73.8731082265729,1.066423954663,69.271801241484,0
2,"SRS","X2",-0.00350338401838935,0.00224598699873866,-1.55984162880588,0.121162005764388
2,"SRS","RIAGENDRFemale",3.0751637574459,0.499080984768057,6.16165282048375,8.50112063029676e-10
2,"SRS","RIDAGEYR",-0.120510852439828,0.0150775659426433,-7.992725941194,2.0479091179111e-15
2,"SRS","RIDRETH1Mexican American",-3.0700957973119,1.06265410219181,-2.88908290193355,0.00390186101825118
2,"SRS","RIDRETH1Other Hispanic",0.25783632632234,0.867681535238611,0.297155483724147,0.766375769234675
2,"SRS","RIDRETH1Non-Hispanic Black",-1.21013425765549,0.871666614926939,-1.38829942197215,0.165197317365639
2,"SRS","RIDRETH1Other Race (Including Multi-Racial)",0.563031560943993,0.8475869596428,0.664275865194142,0.506580040374029
2,"SRS","DMDEDUC2< 9th Grade",1.60758504680832,1.37368337821687,1.17027334850268,0.242012278585771
2,"SRS","DMDEDUC29-11th Grade",3.24872327928506,1.07811028780944,3.01334966934226,0.00261142610630125
2,"SRS","DMDEDUC2High School Grad/GED or Equivalent",2.68944609280749,0.676998340574212,3.9726036706772,7.32580612776907e-05
2,"SRS","DMDEDUC2Some College or AA Degree",2.77924287714648,0.598615869049162,4.6427818252814,3.63063431423102e-06
3,"SRS","(Intercept)",47.2189035520289,1.62756916336513,29.0119182735067,1.17361310017145e-106
3,"SRS","X3",-0.00930999086793935,0.0286925757485626,-0.324473862142047,0.746131229688605
3,"SRS","RIAGENDRFemale",8.69201264149274,0.635908598159514,13.6686509140617,3.27643712407046e-40
3,"SRS","RIDAGEYR",0.108544931829751,0.0179918569627164,6.03300326668243,1.86751674165843e-09
3,"SRS","RIDRETH1Mexican American",-3.66252814704733,1.22936992753682,-2.97919126294689,0.00291951461245091
3,"SRS","RIDRETH1Other Hispanic",-2.2291409342559,1.06170304593596,-2.09958984556813,0.0358977192555893
3,"SRS","RIDRETH1Non-Hispanic Black",2.66418855395316,1.00827158840873,2.64233226898502,0.00829010473912379
3,"SRS","RIDRETH1Other Race (Including Multi-Racial)",-0.238359975809242,1.00676313846216,-0.236758743643851,0.812864947668217
3,"SRS","DMDEDUC2< 9th Grade",-6.52251149232666,1.6256063036844,-4.01235617599633,6.20191360624406e-05
3,"SRS","DMDEDUC29-11th Grade",-4.98992052979301,1.27606298400116,-3.91040300702625,9.47357640181041e-05
3,"SRS","DMDEDUC2High School Grad/GED or Equivalent",-3.48563248794109,0.797786783180126,-4.36912789410562,1.30134188326433e-05
3,"SRS","DMDEDUC2Some College or AA Degree",-3.27042043518225,0.702725723114398,-4.65390738891431,3.43658721563488e-06
4,"SRS","(Intercept)",13.7184044034966,1.82773283656396,7.50569455724526,9.2862431176793e-14
4,"SRS","X4",-0.021261836045828,0.0367834855326833,-0.57802668066723,0.564606622050637
4,"SRS","RIAGENDRFemale",-2.52352898086168,0.881363006020248,-2.86321182489443,0.00423406680136697
4,"SRS","RIDAGEYR",-0.00643341718869814,0.0263805372234529,-0.243869832301167,0.807352858395761
4,"SRS","RIDRETH1Mexican American",3.38577798580321,1.83387820183544,1.84623928809151,0.0649865585194556
4,"SRS","RIDRETH1Other Hispanic",3.23848517209761,1.49354274579433,2.1683243959484,0.0302348997956474
4,"SRS","RIDRETH1Non-Hispanic Black",0.410882291679614,1.46656704367143,0.280166047268459,0.77937461352384
4,"SRS","RIDRETH1Other Race (Including Multi-Racial)",-0.955054253310466,1.47916773253593,-0.645670015849448,0.518556573335576
4,"SRS","DMDEDUC2< 9th Grade",1.41206656454693,2.37937930082112,0.593460052400906,0.552930159993725
4,"SRS","DMDEDUC29-11th Grade",3.04400276567254,1.89067629646561,1.6100073668681,0.107531107193984
4,"SRS","DMDEDUC2High School Grad/GED or Equivalent",3.02297808207181,1.19550911068217,2.5286114970273,0.0115191943398831
4,"SRS","DMDEDUC2Some College or AA Degree",2.15981897203357,1.04779908689121,2.06129113782844,0.0393871627586023
5,"SRS","(Intercept)",389.397922759128,26.887669809221,14.4823975272705,1.186276193465e-38
5,"SRS","X5",-0.0496860386112241,0.0663663827740384,-0.748662749639274,0.455801704820455
5,"SRS","RIAGENDRFemale",24.777142698901,9.98492929885873,2.48145399504561,0.0131644883927941
5,"SRS","RIDAGEYR",3.44709560248686,0.296325304575066,11.632808772204,1.89160801894184e-30
5,"SRS","RIDRETH1Mexican American",-47.6566488360359,20.3635590412786,-2.34029074875526,0.0193517546114298
5,"SRS","RIDRETH1Other Hispanic",-64.8619201051584,16.8249276322909,-3.85510841548427,0.000118852645244264
5,"SRS","RIDRETH1Non-Hispanic Black",-103.87519768024,16.5396755448884,-6.28036489581215,4.01911461389994e-10
5,"SRS","RIDRETH1Other Race (Including Multi-Racial)",-53.8382607736893,16.7994332298532,-3.20476649640875,0.00137091086847418
5,"SRS","DMDEDUC2< 9th Grade",-18.5547026954355,26.6931162818273,-0.695111896997487,0.487053758811664
5,"SRS","DMDEDUC29-11th Grade",-47.1782448046165,21.3432364270738,-2.21045411579525,0.0271721855794635
5,"SRS","DMDEDUC2High School Grad/GED or Equivalent",-19.8910446957035,13.5190001340695,-1.47133992887357,0.141344525575035
5,"SRS","DMDEDUC2Some College or AA Degree",3.99863558256424,12.0562704868923,0.331664388826678,0.740176749674223
1,"ETS (PC1*)","(Intercept)",42.8472654829379,3.55371227650138,12.0570440567915,3.60238589304232e-31
1,"ETS (PC1*)","X1",0.00187362083502366,0.00175653437976799,1.06665765077205,0.287579979702393
1,"ETS (PC1*)","RIAGENDRFemale",12.3463738755085,1.43576117753591,8.59918353322355,1.46905262130491e-17
1,"ETS (PC1*)","RIDAGEYR",0.726924089884616,0.0432926104560782,16.7909507471744,7.5677061759811e-60
1,"ETS (PC1*)","RIDRETH1Mexican American",-14.4950981170434,2.97353327889787,-4.87470519328306,1.16210008613633e-06
1,"ETS (PC1*)","RIDRETH1Other Hispanic",-10.4673554804176,2.45313534395706,-4.26692946485909,2.06107705898103e-05
1,"ETS (PC1*)","RIDRETH1Non-Hispanic Black",-18.8022371893643,2.40990706807224,-7.80205902479252,9.08456001091399e-15
1,"ETS (PC1*)","RIDRETH1Other Race (Including Multi-Racial)",-6.65888110803013,2.41020478945158,-2.76278643921594,0.00577542258936755
1,"ETS (PC1*)","DMDEDUC2< 9th Grade",-7.23429478959699,3.89860710693285,-1.85561011693954,0.0636337213675055
1,"ETS (PC1*)","DMDEDUC29-11th Grade",-15.069576309685,3.08667507981646,-4.88213884520073,1.11956599713673e-06
1,"ETS (PC1*)","DMDEDUC2High School Grad/GED or Equivalent",-7.23431904734116,1.92974563617637,-3.74884591612569,0.000181921941776156
1,"ETS (PC1*)","DMDEDUC2Some College or AA Degree",-2.70764565079786,1.69864344734698,-1.59400470712484,0.111068547648643
2,"ETS (PC1*)","(Intercept)",73.4547992333569,1.04225036534671,70.4771153607818,0
2,"ETS (PC1*)","X2",-0.000938086057826186,0.00181007084083541,-0.518259306024303,0.604751277115352
2,"ETS (PC1*)","RIAGENDRFemale",3.15903201180496,0.495610974022666,6.37401546249959,2.2096785372127e-10
2,"ETS (PC1*)","RIDAGEYR",-0.120788894362828,0.0150688096206023,-8.01582191321095,1.70066127310163e-15
2,"ETS (PC1*)","RIDRETH1Mexican American",-2.75268015321898,1.03813231506656,-2.65156966339352,0.0080653064040016
2,"ETS (PC1*)","RIDRETH1Other Hispanic",0.436747271866682,0.861694517175349,0.506846989462516,0.612310391168682
2,"ETS (PC1*)","RIDRETH1Non-Hispanic Black",-0.909528732254266,0.846905700159327,-1.07394333522984,0.282958903118639
2,"ETS (PC1*)","RIDRETH1Other Race (Including Multi-Racial)",0.65519092490894,0.845333301784102,0.775068157762316,0.438377169091139
2,"ETS (PC1*)","DMDEDUC2< 9th Grade",1.31720982399941,1.35827595538659,0.96976598810844,0.332262008417652
2,"ETS (PC1*)","DMDEDUC29-11th Grade",3.23569048035191,1.07518161317082,3.00943621125506,0.00264488183277819
2,"ETS (PC1*)","DMDEDUC2High School Grad/GED or Equivalent",2.59803108696992,0.672911560496806,3.86088044772452,0.000116004235769798
2,"ETS (PC1*)","DMDEDUC2Some College or AA Degree",2.68851926977355,0.594292765482542,4.52389701831652,6.37106807236993e-06
3,"ETS (PC1*)","(Intercept)",46.5660768609067,1.58300370824785,29.4162778130497,1.2807811251916e-114
3,"ETS (PC1*)","X3",0.00770606586834007,0.0285096963358027,0.270296315245657,0.787358158947969
3,"ETS (PC1*)","RIAGENDRFemale",8.83353939822548,0.62033813545547,14.2398780493152,1.06300686659993e-43
3,"ETS (PC1*)","RIDAGEYR",0.110287040402647,0.018037480217354,6.11432634013583,1.13498733353874e-09
3,"ETS (PC1*)","RIDRETH1Mexican American",-3.62500854036345,1.23267276499342,-2.9407711789453,0.00330587947552527
3,"ETS (PC1*)","RIDRETH1Other Hispanic",-2.05784294285983,1.03271931683404,-1.99264496104175,0.0464236423067211
3,"ETS (PC1*)","RIDRETH1Non-Hispanic Black",2.74937572650234,1.00020833280375,2.74880306065375,0.00602727011947972
3,"ETS (PC1*)","RIDRETH1Other Race (Including Multi-Racial)",-0.167917454907208,0.999157922261844,-0.168058973627597,0.866551300444258
3,"ETS (PC1*)","DMDEDUC2< 9th Grade",-6.42772559273785,1.6141259227938,-3.98217109456521,7.03556518643892e-05
3,"ETS (PC1*)","DMDEDUC29-11th Grade",-4.98197023051658,1.27455548207625,-3.90879039835985,9.53620192127615e-05
3,"ETS (PC1*)","DMDEDUC2High School Grad/GED or Equivalent",-3.48395547082244,0.796898779744018,-4.37189208890691,1.28497253799581e-05
3,"ETS (PC1*)","DMDEDUC2Some College or AA Degree",-3.28126268965298,0.703474444497351,-4.66436658121606,3.26817036513439e-06
4,"ETS (PC1*)","(Intercept)",13.8208824350633,1.77813434359581,7.7726874152344,1.14895795746272e-14
4,"ETS (PC1*)","X4",-0.0305298716876197,0.0249274624896207,-1.22474847571556,0.221960037417314
4,"ETS (PC1*)","RIAGENDRFemale",-2.6726863410343,0.886572211360646,-3.01462904745509,0.00260222341621196
4,"ETS (PC1*)","RIDAGEYR",-0.00554196435394717,0.02635724512976,-0.210263414353943,0.833480199992854
4,"ETS (PC1*)","RIDRETH1Mexican American",3.6324021874174,1.81649206336358,1.99967963564416,0.0456492418683583
4,"ETS (PC1*)","RIDRETH1Other Hispanic",3.14804385962163,1.48816001276224,2.11539339360316,0.034500852149338
4,"ETS (PC1*)","RIDRETH1Non-Hispanic Black",0.449642395768121,1.46618323110591,0.306675445625555,0.759117386854694
4,"ETS (PC1*)","RIDRETH1Other Race (Including Multi-Racial)",-0.91743210327933,1.4717678238697,-0.623353825515179,0.533112156421343
4,"ETS (PC1*)","DMDEDUC2< 9th Grade",1.19978535969932,2.38012195493648,0.504085665531092,0.614248159948283
4,"ETS (PC1*)","DMDEDUC29-11th Grade",2.92817533467339,1.8812368737537,1.55651602173345,0.119719015833695
4,"ETS (PC1*)","DMDEDUC2High School Grad/GED or Equivalent",3.06171510663441,1.17823507532996,2.59856048316759,0.00941977478650816
4,"ETS (PC1*)","DMDEDUC2Some College or AA Degree",2.1264572900297,1.04308321450277,2.03862669867943,0.0415991533688506
5,"ETS (PC1*)","(Intercept)",368.226566525515,25.1190922118543,14.659230652919,7.94879554377203e-42
5,"ETS (PC1*)","X5",0.0276580684229613,0.058134984546917,0.475756012296525,0.635119482271419
5,"ETS (PC1*)","RIAGENDRFemale",28.1610962605885,10.1852705247583,2.76488446645915,0.00575013953799308
5,"ETS (PC1*)","RIDAGEYR",3.46908148165416,0.295665753750828,11.733119029327,6.11545714181103e-31
5,"ETS (PC1*)","RIDRETH1Mexican American",-49.7014490448268,20.4640119908972,-2.42872458572322,0.0152271016787143
5,"ETS (PC1*)","RIDRETH1Other Hispanic",-63.070775353378,16.6508856596198,-3.78783307042528,0.000155751677879343
5,"ETS (PC1*)","RIDRETH1Non-Hispanic Black",-104.509811297962,16.445091946841,-6.35507613066512,2.49111385977764e-10
5,"ETS (PC1*)","RIDRETH1Other Race (Including Multi-Racial)",-57.226049988653,16.6577608529206,-3.43539870057744,0.000602144271458396
5,"ETS (PC1*)","DMDEDUC2< 9th Grade",-17.7136496952299,26.7137888217722,-0.663090129723305,0.507337648338329
5,"ETS (PC1*)","DMDEDUC29-11th Grade",-44.5623378929609,21.0855373433793,-2.11340774329154,0.0346700968333523
5,"ETS (PC1*)","DMDEDUC2High School Grad/GED or Equivalent",-16.6055589386706,13.3268804620033,-1.24601995088162,0.21288365953231
5,"ETS (PC1*)","DMDEDUC2Some College or AA Degree",7.36223770729668,11.8248141687076,0.6226091676586,0.533603965308788
1,"ETS (PC1*)","(Intercept)",42.5162670601941,3.4948162983011,12.1655227145593,5.70938239839042e-32
1,"ETS (PC1*)","X1",0.00214234534649523,0.00165909460165736,1.29127377327075,0.198034501025791
1,"ETS (PC1*)","RIAGENDRFemale",12.4063145310154,1.43468918264531,8.64738835497483,9.75159480294212e-18
1,"ETS (PC1*)","RIDAGEYR",0.727367855905461,0.0433368324548307,16.7840567642682,8.63849857280017e-60
1,"ETS (PC1*)","RIDRETH1Mexican American",-14.4598596467848,2.97636524277618,-4.85822755855643,1.26228422208935e-06
1,"ETS (PC1*)","RIDRETH1Other Hispanic",-10.4247394378577,2.44947946234761,-4.25589991592193,2.16419115836517e-05
1,"ETS (PC1*)","RIDRETH1Non-Hispanic Black",-18.7265214187582,2.41374166635999,-7.75829562862811,1.27477974582182e-14
1,"ETS (PC1*)","RIDRETH1Other Race (Including Multi-Racial)",-6.68012997739266,2.4086473476733,-2.7733947785447,0.00559101107492803
1,"ETS (PC1*)","DMDEDUC2< 9th Grade",-7.17436461762297,3.90002863826088,-1.83956716297914,0.065957469391768
1,"ETS (PC1*)","DMDEDUC29-11th Grade",-15.0175751321887,3.08461399215217,-4.86854276431222,1.19846323823037e-06
1,"ETS (PC1*)","DMDEDUC2High School Grad/GED or Equivalent",-7.18528145391829,1.93151351739921,-3.72002649176036,0.000203864252059954
1,"ETS (PC1*)","DMDEDUC2Some College or AA Degree",-2.70117834736562,1.69923218819594,-1.5896464097902,0.112048324596361
2,"ETS (PC1*)","(Intercept)",73.4298079444543,1.04896305089503,70.0022826178671,0
2,"ETS (PC1*)","X2",-0.00079220362537668,0.00202054988855345,-0.392073281567838,0.695484769990339
2,"ETS (PC1*)","RIAGENDRFemale",3.15884342078461,0.496725278371978,6.35933695812251,2.4307323055342e-10
2,"ETS (PC1*)","RIDAGEYR",-0.120781714992333,0.0150807864809599,-8.00897984629811,1.79662073236247e-15
2,"ETS (PC1*)","RIDRETH1Mexican American",-2.75465505641235,1.03845873465192,-2.6526379570929,0.0080399583206803
2,"ETS (PC1*)","RIDRETH1Other Hispanic",0.448867051943194,0.864939898211486,0.518957505453681,0.603840688236311
2,"ETS (PC1*)","RIDRETH1Non-Hispanic Black",-0.8992720324749,0.850169454757487,-1.05775622429463,0.290277311691091
2,"ETS (PC1*)","RIDRETH1Other Race (Including Multi-Racial)",0.667383506067531,0.847208341465833,0.787744257702692,0.430926114218198
2,"ETS (PC1*)","DMDEDUC2< 9th Grade",1.31891646292716,1.35832815270041,0.97098514840107,0.331654686268394
2,"ETS (PC1*)","DMDEDUC29-11th Grade",3.23524620755979,1.07506344228705,3.00935375560465,0.0026455958703168
2,"ETS (PC1*)","DMDEDUC2High School Grad/GED or Equivalent",2.59841523469484,0.673215747406211,3.85970655723087,0.000116561757662733
2,"ETS (PC1*)","DMDEDUC2Some College or AA Degree",2.6859471859286,0.594223108606015,4.52009884339495,6.48553471408054e-06
3,"ETS (PC1*)","(Intercept)",46.5420280668906,1.48477261477961,31.346232819494,7.39554325043143e-147
3,"ETS (PC1*)","X3",0.00835461353382602,0.0245716164397678,0.340010741837259,0.734232917131842
3,"ETS (PC1*)","RIAGENDRFemale",8.83561842024336,0.609678198546037,14.4922656596785,1.99194427229244e-45
3,"ETS (PC1*)","RIDAGEYR",0.110261349049181,0.0179576585959268,6.14007379972079,9.6551895420298e-10
3,"ETS (PC1*)","RIDRETH1Mexican American",-3.61217676678448,1.2323954814391,-2.93102078122392,0.00341098966451353
3,"ETS (PC1*)","RIDRETH1Other Hispanic",-2.04870142190027,1.02726106749962,-1.99433375479405,0.0462348456220891
3,"ETS (PC1*)","RIDRETH1Non-Hispanic Black",2.75822020627607,0.998917032433854,2.76121050769921,0.00580351045516758
3,"ETS (PC1*)","RIDRETH1Other Race (Including Multi-Racial)",-0.173344606829602,0.997631125583521,-0.173756213478415,0.862071916038382
3,"ETS (PC1*)","DMDEDUC2< 9th Grade",-6.42945714022704,1.61116530776607,-3.99056329554518,6.79192229012063e-05
3,"ETS (PC1*)","DMDEDUC29-11th Grade",-4.97755661951759,1.2741108314256,-3.90669045168404,9.61859297953069e-05
3,"ETS (PC1*)","DMDEDUC2High School Grad/GED or Equivalent",-3.47539888278002,0.796634869933047,-4.36259949689638,1.34027670850587e-05
3,"ETS (PC1*)","DMDEDUC2Some College or AA Degree",-3.27320817328801,0.702835767680071,-4.6571451309205,3.38339252765087e-06
4,"ETS (PC1*)","(Intercept)",13.8644190151837,1.78705045432451,7.75826948905273,1.29339964462303e-14
4,"ETS (PC1*)","X4",-0.0323321706955844,0.0268045743147535,-1.20621839824513,0.229322593663603
4,"ETS (PC1*)","RIAGENDRFemale",-2.68564167311714,0.888431987702693,-3.02290069503426,0.0025327663420913
4,"ETS (PC1*)","RIDAGEYR",-0.0057660145045253,0.0263578576214829,-0.218758845552976,0.826856797545077
4,"ETS (PC1*)","RIDRETH1Mexican American",3.65160189660817,1.81807635212559,2.00849754870797,0.0447044215084183
4,"ETS (PC1*)","RIDRETH1Other Hispanic",3.13569659956025,1.49165599550045,2.10215801030467,0.0356457195919034
4,"ETS (PC1*)","RIDRETH1Non-Hispanic Black",0.436028056997302,1.46588556482174,0.297450269967236,0.766148863197918
4,"ETS (PC1*)","RIDRETH1Other Race (Including Multi-Racial)",-0.917427908055986,1.47118734908219,-0.623596925726915,0.5329524591094
4,"ETS (PC1*)","DMDEDUC2< 9th Grade",1.16836806732764,2.38187908699933,0.490523668352763,0.623808997577151
4,"ETS (PC1*)","DMDEDUC29-11th Grade",2.94735048719604,1.88021451202862,1.56756075880728,0.117117143000541
4,"ETS (PC1*)","DMDEDUC2High School Grad/GED or Equivalent",3.05589601019166,1.1784554902503,2.59313655498571,0.00956925018229682
4,"ETS (PC1*)","DMDEDUC2Some College or AA Degree",2.12516917049627,1.0426735841143,2.03819220403622,0.0416425512321839
5,"ETS (PC1*)","(Intercept)",367.587939332244,25.5278250398023,14.3995008881137,5.63759659869244e-40
5,"ETS (PC1*)","X5",0.0302661052961243,0.0605154289004276,0.500138656307373,0.617961315570966
5,"ETS (PC1*)","RIAGENDRFemale",28.3965094190678,10.19608327177,2.78504094780096,0.0054069790658386
5,"ETS (PC1*)","RIDAGEYR",3.47009610847381,0.295895378829731,11.7274427272169,6.54330902146387e-31
5,"ETS (PC1*)","RIDRETH1Mexican American",-49.6870927067964,20.4952035361805,-2.42432784915178,0.0154126138651784
5,"ETS (PC1*)","RIDRETH1Other Hispanic",-63.3054555655525,16.6492462636148,-3.80230159150807,0.000146980664643427
5,"ETS (PC1*)","RIDRETH1Non-Hispanic Black",-104.573452851424,16.4506992054609,-6.35677861137413,2.46456746245618e-10
5,"ETS (PC1*)","RIDRETH1Other Race (Including Multi-Racial)",-57.1642700011955,16.6359390928553,-3.43619134947099,0.000600329674136709
5,"ETS (PC1*)","DMDEDUC2< 9th Grade",-17.5942461325415,26.7403119879282,-0.657967122466048,0.510623656710242
5,"ETS (PC1*)","DMDEDUC29-11th Grade",-44.6653906508033,21.0882602011213,-2.1180216018213,0.0342770871873194
5,"ETS (PC1*)","DMDEDUC2High School Grad/GED or Equivalent",-16.7097204427174,13.2979993679261,-1.25655897405291,0.209039564341839
5,"ETS (PC1*)","DMDEDUC2Some College or AA Degree",7.31239603157412,11.8239499974542,0.618439356826488,0.536347882735924
1,"SRS","(Intercept)",45.853230494196,3.81653829278844,12.0143509579972,1.01605478753043e-29
1,"SRS","X1",-0.000583877439561375,0.0019767995663552,-0.295365018031606,0.768174758215886
1,"SRS","RIAGENDRFemale",11.9579252307291,1.44136560803305,8.29624708962453,1.84217066657842e-16
1,"SRS","RIDAGEYR",0.720249225901403,0.0434972178503617,16.5585125094481,2.64483876543806e-58
1,"SRS","RIDRETH1Mexican American",-14.7662294084589,2.96983666938753,-4.97206784489741,7.09909007732745e-07
1,"SRS","RIDRETH1Other Hispanic",-10.977577417557,2.48171708926197,-4.4233798707578,1.01817874235138e-05
1,"SRS","RIDRETH1Non-Hispanic Black",-19.2342968314186,2.46154211568204,-7.81392148802995,8.50344208366497e-15
1,"SRS","RIDRETH1Other Race (Including Multi-Racial)",-6.933370389795,2.4442553505079,-2.83659822544902,0.00459990937427697
1,"SRS","DMDEDUC2< 9th Grade",-7.66267324524437,3.90821213493841,-1.96065949868536,0.0500367536642928
1,"SRS","DMDEDUC29-11th Grade",-15.2950711776272,3.07945664222742,-4.96680841934634,7.29163050791815e-07
1,"SRS","DMDEDUC2High School Grad/GED or Equivalent",-7.44185328288957,1.9479139889208,-3.8204219104215,0.000136746297583425
1,"SRS","DMDEDUC2Some College or AA Degree",-2.69093706679184,1.69746093079543,-1.58527187163646,0.113037945037557
2,"SRS","(Intercept)",73.4308122955015,1.06482816498873,68.9602460846614,0
2,"SRS","X2",-0.000786677868654524,0.00220092025313467,-0.357431336975565,0.721279982533973
2,"SRS","RIAGENDRFemale",3.15255739521151,0.503593747725499,6.26012020492741,4.6016769948778e-10
2,"SRS","RIDAGEYR",-0.120616903451708,0.0151188532142657,-7.97791351912178,2.30079540687092e-15
2,"SRS","RIDRETH1Mexican American",-2.79085278865119,1.0534987911117,-2.64912766127254,0.0081256706930708
2,"SRS","RIDRETH1Other Hispanic",0.463788622809091,0.863503023626479,0.53710133041724,0.591249987945593
2,"SRS","RIDRETH1Non-Hispanic Black",-0.925769492762856,0.872912478860673,-1.06055247826354,0.289016019648259
2,"SRS","RIDRETH1Other Race (Including Multi-Racial)",0.674416362772452,0.843621621362979,0.799429917031816,0.424121631336044
2,"SRS","DMDEDUC2< 9th Grade",1.30269125242833,1.3598627892541,0.957957863633341,0.338181872253122
2,"SRS","DMDEDUC29-11th Grade",3.21205404740867,1.07760929123618,2.98072230216571,0.00290504656997971
2,"SRS","DMDEDUC2High School Grad/GED or Equivalent",2.59218707050125,0.672359877693279,3.85535656796549,0.000118636485295962
2,"SRS","DMDEDUC2Some College or AA Degree",2.70082275522072,0.597122134217127,4.52306588628089,6.39918922537392e-06
3,"SRS","(Intercept)",47.5111874000105,1.48447354880584,32.0054119106603,1.47826495279116e-147
3,"SRS","X3",-0.0182800154287984,0.0247448223159486,-0.738741026118278,0.461112690124713
3,"SRS","RIAGENDRFemale",8.65706441416678,0.602457710628522,14.3695802401386,8.35714580923308e-45
3,"SRS","RIDAGEYR",0.108176572567596,0.0179289379244507,6.03362971211301,1.85716173917445e-09
3,"SRS","RIDRETH1Mexican American",-3.68785521182618,1.22917808955983,-3.00026110386235,0.00272566033295321
3,"SRS","RIDRETH1Other Hispanic",-2.29383755990985,1.03219001752798,-2.2223016314413,0.0263632277246759
3,"SRS","RIDRETH1Non-Hispanic Black",2.62004391273641,1.00333686869937,2.6113302465729,0.00907720509569663
3,"SRS","RIDRETH1Other Race (Including Multi-Racial)",-0.236788246335113,0.998223403146033,-0.237209672292638,0.812514724894229
3,"SRS","DMDEDUC2< 9th Grade",-6.53413769676895,1.61434296337004,-4.0475523758152,5.34232938597048e-05
3,"SRS","DMDEDUC29-11th Grade",-4.96567775827329,1.27467683737207,-3.89563661367751,0.000100654821064364
3,"SRS","DMDEDUC2High School Grad/GED or Equivalent",-3.47910430767026,0.796316147887978,-4.36899881648474,1.30192479855783e-05
3,"SRS","DMDEDUC2Some College or AA Degree",-3.26013528968406,0.702741132279245,-4.63916958882179,3.68855426891881e-06
4,"SRS","(Intercept)",13.1794313923393,1.81431547718983,7.26413435702634,5.30936932029808e-13
4,"SRS","X4",0.0180180282179356,0.0353632356960708,0.509512997418887,0.611448655595306
4,"SRS","RIAGENDRFemale",-2.27479142150767,0.906253146714026,-2.51010595632778,0.0121543170799575
4,"SRS","RIDAGEYR",-0.00661836450703769,0.0263428930868999,-0.251239090756093,0.801651071925356
4,"SRS","RIDRETH1Mexican American",3.50489204824893,1.81505089375322,1.9310158521238,0.053600587119071
4,"SRS","RIDRETH1Other Hispanic",3.30026776701814,1.48660290986915,2.22000626065546,0.0265128627104004
4,"SRS","RIDRETH1Non-Hispanic Black",0.357455372555693,1.4730477173192,0.242663810786948,0.808287078464562
4,"SRS","RIDRETH1Other Race (Including Multi-Racial)",-0.780189616142808,1.48565931586576,-0.525147056132554,0.599531413015621
4,"SRS","DMDEDUC2< 9th Grade",1.51780275656067,2.39670866122164,0.633286298463588,0.526609157506728
4,"SRS","DMDEDUC29-11th Grade",2.93388402710404,1.88134314941887,1.55946246595699,0.119020510844916
4,"SRS","DMDEDUC2High School Grad/GED or Equivalent",3.19453592192003,1.18066100239802,2.70571816586782,0.00686495167857466
4,"SRS","DMDEDUC2Some College or AA Degree",2.32486472102995,1.04820602769296,2.21794633841864,0.0266554602515019
5,"SRS","(Intercept)",361.158943102929,24.5287522798479,14.7239019328205,1.11911092523698e-42
5,"SRS","X5",0.0573511751982386,0.0590797055267573,0.970742401081606,0.333732833265553
5,"SRS","RIAGENDRFemale",28.5335571004452,9.84754757558017,2.89752924588071,0.00379826593295793
5,"SRS","RIDAGEYR",3.46140378927317,0.295529573981792,11.7125462018445,7.70888731442452e-31
5,"SRS","RIDRETH1Mexican American",-51.0800274356267,20.544563061361,-2.48630390839,0.0129783334016567
5,"SRS","RIDRETH1Other Hispanic",-62.3386320991736,16.6742105944083,-3.73862569062662,0.000189431450884181
5,"SRS","RIDRETH1Non-Hispanic Black",-105.955903181412,16.513629651083,-6.41626979774631,1.68500598234349e-10
5,"SRS","RIDRETH1Other Race (Including Multi-Racial)",-57.5820366832583,16.5827367193914,-3.4724085449613,0.000525206496647646
5,"SRS","DMDEDUC2< 9th Grade",-15.5184395734797,26.8967150288805,-0.576964122080213,0.564019817620089
5,"SRS","DMDEDUC29-11th Grade",-42.3596607155202,21.2441389183738,-1.99394575973535,0.0462744222432343
5,"SRS","DMDEDUC2High School Grad/GED or Equivalent",-14.099360234884,13.6939981717977,-1.02960143984254,0.303319376741705
5,"SRS","DMDEDUC2Some College or AA Degree",8.43399675355245,11.8362288874654,0.712557760900018,0.476193239015413
1,"ETS (PC1*)","(Intercept)",45.7226614627936,3.68952592647619,12.3925573024669,8.29125624263794e-32
1,"ETS (PC1*)","X1",-0.0005242399255293,0.00195039407132497,-0.268786668928483,0.788488745388133
1,"ETS (PC1*)","RIAGENDRFemale",11.9183337655325,1.47796860511657,8.06399657223605,1.2666679309969e-15
1,"ETS (PC1*)","RIDAGEYR",0.721414452755628,0.0432385393578872,16.6845241182745,3.68931311229316e-59
1,"ETS (PC1*)","RIDRETH1Mexican American",-14.7553774422994,2.97621126598276,-4.95777218873844,7.63818879289294e-07
1,"ETS (PC1*)","RIDRETH1Other Hispanic",-10.8755076409369,2.43976238372158,-4.45760936126392,8.67684333425671e-06
1,"ETS (PC1*)","RIDRETH1Non-Hispanic Black",-19.1495593285181,2.42193756922561,-7.90671054937264,4.04754835170133e-15
1,"ETS (PC1*)","RIDRETH1Other Race (Including Multi-Racial)",-6.78891010506542,2.40753604905075,-2.81985813161227,0.00484446575736039
1,"ETS (PC1*)","DMDEDUC2< 9th Grade",-7.67464309280004,3.90831911200254,-1.96366849094564,0.0496863352098898
1,"ETS (PC1*)","DMDEDUC29-11th Grade",-15.3684224343112,3.08284742935775,-4.9851388323531,6.64052722631045e-07
1,"ETS (PC1*)","DMDEDUC2High School Grad/GED or Equivalent",-7.4071091934701,1.92815535478925,-3.84155206948026,0.000125478676207227
1,"ETS (PC1*)","DMDEDUC2Some College or AA Degree",-2.72276678810997,1.70036581808435,-1.60128294697048,0.109447858337925
2,"ETS (PC1*)","(Intercept)",73.4630283078179,1.04048287637934,70.6047451385782,0
2,"ETS (PC1*)","X2",-0.00110165756951187,0.0019632241889491,-0.561147104703096,0.575383279972979
2,"ETS (PC1*)","RIAGENDRFemale",3.15418812706052,0.495701402999607,6.36308089501821,2.37131602321597e-10
2,"ETS (PC1*)","RIDAGEYR",-0.120207702724243,0.0151347180333571,-7.94251352812148,3.04074088150126e-15
2,"ETS (PC1*)","RIDRETH1Mexican American",-2.75077415007106,1.03777524334805,-2.65064537596462,0.00808733614974351
2,"ETS (PC1*)","RIDRETH1Other Hispanic",0.455088288096401,0.855886656354137,0.531715601263096,0.594973440727412
2,"ETS (PC1*)","RIDRETH1Non-Hispanic Black",-0.955616617690523,0.861370841150859,-1.10941370666059,0.267371697197818
2,"ETS (PC1*)","RIDRETH1Other Race (Including Multi-Racial)",0.666442422828612,0.843331417602265,0.790249727353242,0.429461373109506
2,"ETS (PC1*)","DMDEDUC2< 9th Grade",1.25754895639502,1.36077971310667,0.924138524613969,0.355508463494746
2,"ETS (PC1*)","DMDEDUC29-11th Grade",3.21686954674998,1.07559074939821,2.99079324413101,0.00281119394580969
2,"ETS (PC1*)","DMDEDUC2High School Grad/GED or Equivalent",2.56160944671749,0.673911986045125,3.80110385296807,0.000147697755256879
2,"ETS (PC1*)","DMDEDUC2Some College or AA Degree",2.72114921555246,0.60028722566627,4.53307866502107,6.10814287081018e-06
3,"ETS (PC1*)","(Intercept)",46.6005336420301,1.57603986350223,29.5681186251696,4.81888994690901e-118
3,"ETS (PC1*)","X3",0.00656225337667747,0.0277484557725954,0.236490759358163,0.813399305284789
3,"ETS (PC1*)","RIAGENDRFemale",8.82579423357336,0.619024350615109,14.2575881301008,7.48302224547602e-44
3,"ETS (PC1*)","RIDAGEYR",0.110151660639678,0.0180126793678871,6.11522907780479,1.12776729588535e-09
3,"ETS (PC1*)","RIDRETH1Mexican American",-3.61039022360924,1.23567925109122,-2.92178590877927,0.00351356979855093
3,"ETS (PC1*)","RIDRETH1Other Hispanic",-2.05395613192215,1.044976564492,-1.96555234032512,0.0494822506339262
3,"ETS (PC1*)","RIDRETH1Non-Hispanic Black",2.76024033743788,1.00318119677471,2.75148731486617,0.00597856349650029
3,"ETS (PC1*)","RIDRETH1Other Race (Including Multi-Racial)",-0.180673383903643,0.997240401540442,-0.181173349600113,0.85624702613041
3,"ETS (PC1*)","DMDEDUC2< 9th Grade",-6.44136248463272,1.6117197718932,-3.99657719472314,6.62308955763202e-05
3,"ETS (PC1*)","DMDEDUC29-11th Grade",-5.00579888871926,1.27455778464314,-3.92747896488729,8.82930188840706e-05
3,"ETS (PC1*)","DMDEDUC2High School Grad/GED or Equivalent",-3.47085786895518,0.797092220825585,-4.35439937597215,1.39111814473951e-05
3,"ETS (PC1*)","DMDEDUC2Some College or AA Degree",-3.29234193916965,0.705921386205961,-4.66389318060562,3.27663564513341e-06
4,"ETS (PC1*)","(Intercept)",13.5950587368159,1.78654174956631,7.60970670857039,3.99577590575824e-14
4,"ETS (PC1*)","X4",-0.0125278382596144,0.0260852576376438,-0.480265076682063,0.631551357863284
4,"ETS (PC1*)","RIAGENDRFemale",-2.50583359794398,0.87858175480574,-2.85213480047515,0.00438177978845351
4,"ETS (PC1*)","RIDAGEYR",-0.00671068707490474,0.0263406313286266,-0.254765612531529,0.798926233599252
4,"ETS (PC1*)","RIDRETH1Mexican American",3.46220500398069,1.81835152237032,1.90403503469314,0.0570270339138101
4,"ETS (PC1*)","RIDRETH1Other Hispanic",3.23365325496662,1.48751619232879,2.17386087737584,0.0298144236783627
4,"ETS (PC1*)","RIDRETH1Non-Hispanic Black",0.412573847331571,1.46563277449561,0.281498786402041,0.778352414595491
4,"ETS (PC1*)","RIDRETH1Other Race (Including Multi-Racial)",-0.918389373346322,1.47252361280632,-0.623683970402394,0.532895229689523
4,"ETS (PC1*)","DMDEDUC2< 9th Grade",1.35501907648089,2.37626100713149,0.570231583321147,0.568574650321914
4,"ETS (PC1*)","DMDEDUC29-11th Grade",2.96955698935326,1.88196905531179,1.57789894630403,0.114722217734897
4,"ETS (PC1*)","DMDEDUC2High School Grad/GED or Equivalent",3.14545387206719,1.17588124968011,2.67497578766808,0.00752480562262125
4,"ETS (PC1*)","DMDEDUC2Some College or AA Degree",2.21992725830101,1.03891484636312,2.13677498793304,0.0327185145612168
5,"ETS (PC1*)","(Intercept)",369.502208334112,25.2209758889803,14.6505912364619,1.09040374570604e-41
5,"ETS (PC1*)","X5",0.0226743921212337,0.0584154565253158,0.388157406788513,0.698586855962793
5,"ETS (PC1*)","RIAGENDRFemale",27.5333197027722,9.92327771857666,2.77461948396637,0.0055739621787352
5,"ETS (PC1*)","RIDAGEYR",3.46271714746694,0.295374863335974,11.7231273790833,6.8148395698216e-31
5,"ETS (PC1*)","RIDRETH1Mexican American",-49.0736592693161,20.4139880390867,-2.40392319106657,0.016297122207279
5,"ETS (PC1*)","RIDRETH1Other Hispanic",-62.3753914016984,16.7345791997675,-3.72733551630416,0.000198094912976506
5,"ETS (PC1*)","RIDRETH1Non-Hispanic Black",-104.454760994297,16.4593593210652,-6.34622277554949,2.63689134382726e-10
5,"ETS (PC1*)","RIDRETH1Other Race (Including Multi-Racial)",-56.7933289967805,16.5767835568408,-3.42607652455856,0.000622915707243096
5,"ETS (PC1*)","DMDEDUC2< 9th Grade",-16.7838258821619,27.0650241350795,-0.620129721606567,0.535234454970522
5,"ETS (PC1*)","DMDEDUC29-11th Grade",-44.1710802950163,21.1351144213895,-2.08993807245791,0.0367300446245269
5,"ETS (PC1*)","DMDEDUC2High School Grad/GED or Equivalent",-16.0207662158732,13.7038332505156,-1.16907188835434,0.242509883542776
5,"ETS (PC1*)","DMDEDUC2Some College or AA Degree",7.26043909953165,11.8941779489473,0.610419579284523,0.54164660398903
1,"ETS (PC1*)","(Intercept)",45.5021924514458,3.56385200649739,12.7676997721816,2.58051053601404e-34
1,"ETS (PC1*)","X1",-0.000333895703414566,0.00179489321312669,-0.186025386342022,0.852647856248588
1,"ETS (PC1*)","RIAGENDRFemale",11.963309376787,1.47331029346387,8.12002022239338,7.92505147850824e-16
1,"ETS (PC1*)","RIDAGEYR",0.721636985898302,0.043187704275688,16.709315718468,2.48457690258069e-59
1,"ETS (PC1*)","RIDRETH1Mexican American",-14.7735813468957,2.97391927789162,-4.96771430775673,7.25932018097913e-07
1,"ETS (PC1*)","RIDRETH1Other Hispanic",-10.8635277410863,2.43432437241185,-4.46264592517021,8.47472151943804e-06
1,"ETS (PC1*)","RIDRETH1Non-Hispanic Black",-19.1291841420255,2.42201113615923,-7.89805788108811,4.325907113992e-15
1,"ETS (PC1*)","RIDRETH1Other Race (Including Multi-Racial)",-6.79439318489103,2.40643635537789,-2.8234252568978,0.00479102770439
1,"ETS (PC1*)","DMDEDUC2< 9th Grade",-7.60465642880666,3.8997446337165,-1.9500395905563,0.051289574317025
1,"ETS (PC1*)","DMDEDUC29-11th Grade",-15.3375212793186,3.08039212740501,-4.97908079392452,6.84868813391562e-07
1,"ETS (PC1*)","DMDEDUC2High School Grad/GED or Equivalent",-7.40399834440519,1.92675869404493,-3.84272216717583,0.000124880462999981
1,"ETS (PC1*)","DMDEDUC2Some College or AA Degree",-2.70534242854996,1.6980066903586,-1.5932460360204,0.111238313117171
2,"ETS (PC1*)","(Intercept)",73.482186858343,1.0519160601345,69.8555613353285,0
2,"ETS (PC1*)","X2",-0.00114760143740141,0.00208008938530813,-0.551707751362528,0.581932548744098
2,"ETS (PC1*)","RIAGENDRFemale",3.15070879391277,0.497124251537534,6.3378698266441,2.7907438710331e-10
2,"ETS (PC1*)","RIDAGEYR",-0.120298765743744,0.0151252479356706,-7.95350702715011,2.78943110236585e-15
2,"ETS (PC1*)","RIDRETH1Mexican American",-2.74939505721367,1.03823131057624,-2.64815270855943,0.00814709941747711
2,"ETS (PC1*)","RIDRETH1Other Hispanic",0.451807280334851,0.856417407500635,0.52755499406931,0.59785837085688
2,"ETS (PC1*)","RIDRETH1Non-Hispanic Black",-0.96216045407264,0.864547323259821,-1.11290663701874,0.265871179572607
2,"ETS (PC1*)","RIDRETH1Other Race (Including Multi-Racial)",0.666622294597745,0.842652188787403,0.791100175692928,0.428964941057859
2,"ETS (PC1*)","DMDEDUC2< 9th Grade",1.2587143502918,1.3605451920734,0.925154384893006,0.354979968802431
2,"ETS (PC1*)","DMDEDUC29-11th Grade",3.21374209816841,1.07587034754812,2.98710909311,0.0028451841921896
2,"ETS (PC1*)","DMDEDUC2High School Grad/GED or Equivalent",2.55990675075494,0.674575382929569,3.79484163747229,0.000151460984402978
2,"ETS (PC1*)","DMDEDUC2Some College or AA Degree",2.7237262569765,0.599700666213347,4.54180962341556,5.86224746256519e-06
3,"ETS (PC1*)","(Intercept)",46.491754447601,1.51153548392351,30.7579642966249,1.15226526257738e-138
3,"ETS (PC1*)","X3",0.0093155632238127,0.0248471539049874,0.37491469885985,0.708166712993323
3,"ETS (PC1*)","RIAGENDRFemale",8.85375641992248,0.616093062075822,14.3708101339289,1.2854099792742e-44
3,"ETS (PC1*)","RIDAGEYR",0.110509676707462,0.0179800084354981,6.1462527731234,9.29643875170735e-10
3,"ETS (PC1*)","RIDRETH1Mexican American",-3.61307734905146,1.2332706914022,-2.92967097510724,0.00342581574817779
3,"ETS (PC1*)","RIDRETH1Other Hispanic",-2.02763062817683,1.03415000958894,-1.96067360574002,0.0500414622755381
3,"ETS (PC1*)","RIDRETH1Non-Hispanic Black",2.76336496782605,0.999272635761391,2.76537640372841,0.00573012461652869
3,"ETS (PC1*)","RIDRETH1Other Race (Including Multi-Racial)",-0.178026352073115,0.997504587869909,-0.178471712549489,0.858367819702467
3,"ETS (PC1*)","DMDEDUC2< 9th Grade",-6.41777172699829,1.6130844744421,-3.97857138214534,7.14175602193839e-05
3,"ETS (PC1*)","DMDEDUC29-11th Grade",-5.00154158968111,1.27416274990931,-3.92535536770094,8.90686404410436e-05
3,"ETS (PC1*)","DMDEDUC2High School Grad/GED or Equivalent",-3.4758914401015,0.796686461071396,-4.36293524484786,1.33826673521383e-05
3,"ETS (PC1*)","DMDEDUC2Some College or AA Degree",-3.30244658739204,0.705154903245449,-4.68329238326594,2.98319235921828e-06
4,"ETS (PC1*)","(Intercept)",13.6554244671507,1.7818806059615,7.66349014713149,2.6483198525622e-14
4,"ETS (PC1*)","X4",-0.0165715427276283,0.0250569483614394,-0.661355185339752,0.509040938488792
4,"ETS (PC1*)","RIAGENDRFemale",-2.53536893818004,0.878334382050892,-2.88656460454161,0.0039314579974282
4,"ETS (PC1*)","RIDAGEYR",-0.00679367754828812,0.0263452682591892,-0.257870881459652,0.796528951333683
4,"ETS (PC1*)","RIDRETH1Mexican American",3.45010625049672,1.81741241713299,1.8983617686179,0.0577700995528238
4,"ETS (PC1*)","RIDRETH1Other Hispanic",3.22150097542715,1.48687962254507,2.16661855242387,0.0303633944906809
4,"ETS (PC1*)","RIDRETH1Non-Hispanic Black",0.409568513276612,1.46555081963798,0.279463876508755,0.779913222021619
4,"ETS (PC1*)","RIDRETH1Other Race (Including Multi-Racial)",-0.923513829033533,1.47252425980832,-0.627163744761495,0.530612390731381
4,"ETS (PC1*)","DMDEDUC2< 9th Grade",1.30796091642241,2.37716693932849,0.550218369094385,0.582221451447817
4,"ETS (PC1*)","DMDEDUC29-11th Grade",2.97248159937338,1.88190784115252,1.57950433829585,0.114353841977434
4,"ETS (PC1*)","DMDEDUC2High School Grad/GED or Equivalent",3.14374975763876,1.17660647056448,2.67187869205797,0.00759445644932484
4,"ETS (PC1*)","DMDEDUC2Some College or AA Degree",2.20217074899396,1.0392672367445,2.11896485440285,0.0341973274078001
5,"ETS (PC1*)","(Intercept)",367.196879390953,26.5247826654938,13.8435396067784,3.38494083767458e-36
5,"ETS (PC1*)","X5",0.0318013525695846,0.0662371175704314,0.48011377511664,0.63219802347626
5,"ETS (PC1*)","RIAGENDRFemale",27.9837755297172,10.0444205261446,2.78600198556783,0.00538733095365944
5,"ETS (PC1*)","RIDAGEYR",3.45945679856741,0.295712279484496,11.6987255470018,8.9972791554987e-31
5,"ETS (PC1*)","RIDRETH1Mexican American",-49.4783820211514,20.5218657375011,-2.41100797822373,0.0159861170661313
5,"ETS (PC1*)","RIDRETH1Other Hispanic",-62.1983847713638,16.778674991751,-3.70699026007373,0.000214646901392367
5,"ETS (PC1*)","RIDRETH1Non-Hispanic Black",-104.398068931882,16.4710861178656,-6.33826258844247,2.77565804895165e-10
5,"ETS (PC1*)","RIDRETH1Other Race (Including Multi-Racial)",-57.1706224701337,16.6208630414451,-3.43969036551082,0.00059266250226976
5,"ETS (PC1*)","DMDEDUC2< 9th Grade",-16.2597793047883,27.241933426131,-0.596865833655978,0.550658489536355
5,"ETS (PC1*)","DMDEDUC29-11th Grade",-43.8049543086189,21.1919926658468,-2.06705216443451,0.0388388037908148
5,"ETS (PC1*)","DMDEDUC2High School Grad/GED or Equivalent",-15.3820252246242,13.8705593582032,-1.10896935209228,0.267586345206344
5,"ETS (PC1*)","DMDEDUC2Some College or AA Degree",7.62272812286705,11.9313793113411,0.638880713114321,0.52296800224591
1,"SRS","(Intercept)",41.9837212952442,3.58222613780573,11.7200086427154,1.39746658142225e-29
1,"SRS","X1",0.00245916976791316,0.00169855279659359,1.44780296075869,0.149407611820682
1,"SRS","RIAGENDRFemale",12.4886632166341,1.44092929763399,8.66708952142242,8.34719472765321e-18
1,"SRS","RIDAGEYR",0.729796398401228,0.0434406907513084,16.7998341135781,7.07951384382328e-60
1,"SRS","RIDRETH1Mexican American",-14.4280548411672,2.97698204567727,-4.84653740593346,1.33833146570684e-06
1,"SRS","RIDRETH1Other Hispanic",-10.261525358854,2.45944988557048,-4.17228479387123,3.12691555497616e-05
1,"SRS","RIDRETH1Non-Hispanic Black",-18.5495967346571,2.42478176230184,-7.65000670289107,2.92466298402721e-14
1,"SRS","RIDRETH1Other Race (Including Multi-Racial)",-6.56839960368284,2.41205542541951,-2.72315450733909,0.00651388341426068
1,"SRS","DMDEDUC2< 9th Grade",-6.95104860326876,3.91186698771241,-1.7769133319468,0.0757123358770086
1,"SRS","DMDEDUC29-11th Grade",-15.1236256344442,3.08332412431163,-4.9049743149597,9.98057679568289e-07
1,"SRS","DMDEDUC2High School Grad/GED or Equivalent",-7.16990389289285,1.9304275993461,-3.714153224561,0.000208628280408848
1,"SRS","DMDEDUC2Some College or AA Degree",-2.70469942451044,1.69962445025235,-1.59135120944445,0.111664546520483
2,"SRS","(Intercept)",73.9549913703381,1.05962834140427,69.7933308128862,0
2,"SRS","X2",-0.00394378606131693,0.00217743622728366,-1.81120623047444,0.0723544521056827
2,"SRS","RIAGENDRFemale",3.01895082006547,0.502581715684091,6.00688549911971,2.20745054637338e-09
2,"SRS","RIDAGEYR",-0.118433238367178,0.0151743217362456,-7.80484560863679,8.95942621066412e-15
2,"SRS","RIDRETH1Mexican American",-2.86170908519993,1.04365520705151,-2.74200623526298,0.0061535372152605
2,"SRS","RIDRETH1Other Hispanic",0.175675311000186,0.868324396764426,0.202315300197475,0.839688821908087
2,"SRS","RIDRETH1Non-Hispanic Black",-1.19085800683372,0.860429104678057,-1.3840280394505,0.16649236845992
2,"SRS","RIDRETH1Other Race (Including Multi-Racial)",0.497998896238944,0.851204567575859,0.58505195485169,0.558570801995461
2,"SRS","DMDEDUC2< 9th Grade",1.19261851008051,1.36279987503171,0.87512373014619,0.381596400006481
2,"SRS","DMDEDUC29-11th Grade",3.22481743055031,1.07903358784451,2.98861635715367,0.00283163166509724
2,"SRS","DMDEDUC2High School Grad/GED or Equivalent",2.57122023964469,0.674778401980854,3.81046612057634,0.000142292511768603
2,"SRS","DMDEDUC2Some College or AA Degree",2.77803394199655,0.596817707993916,4.65474449699953,3.4262538068871e-06
3,"SRS","(Intercept)",47.1125000173315,1.62624621869042,28.970090430261,2.31540780930782e-115
3,"SRS","X3",-0.00620702508901834,0.0266968009041499,-0.232500707156021,0.816440098415558
3,"SRS","RIAGENDRFemale",8.71731846032773,0.626379023461196,13.9170025397055,6.60380779779823e-42
3,"SRS","RIDAGEYR",0.108565264089071,0.0183068893809315,5.93029552044775,3.49557179378743e-09
3,"SRS","RIDRETH1Mexican American",-3.69464421793611,1.24039200494918,-2.97861015162498,0.00292550336900992
3,"SRS","RIDRETH1Other Hispanic",-2.18416600545387,1.04048636371692,-2.09917792449618,0.0359167008404786
3,"SRS","RIDRETH1Non-Hispanic Black",2.67727502081717,1.00494965194759,2.66408870895036,0.00777317737459624
3,"SRS","RIDRETH1Other Race (Including Multi-Racial)",-0.218942618572024,1.00445981942906,-0.217970509458977,0.827471122516311
3,"SRS","DMDEDUC2< 9th Grade",-6.47189661264035,1.61083858270051,-4.01771889632198,6.05974257214713e-05
3,"SRS","DMDEDUC29-11th Grade",-4.98643700597349,1.27582495998874,-3.90840214163664,9.55172900037231e-05
3,"SRS","DMDEDUC2High School Grad/GED or Equivalent",-3.46562230858189,0.798223871501899,-4.34166708402387,1.47364708091963e-05
3,"SRS","DMDEDUC2Some College or AA Degree",-3.2705347742463,0.70394881480877,-4.6459837781455,3.57031243304443e-06
4,"SRS","(Intercept)",13.5949037191783,1.81833041107126,7.47658601341269,1.10393464560825e-13
4,"SRS","X4",-0.00862839829017364,0.0258817008909915,-0.333378332688208,0.739227206135936
4,"SRS","RIAGENDRFemale",-2.47285975271412,0.874872287948668,-2.8265379836322,0.00474607935114677
4,"SRS","RIDAGEYR",-0.00732901706844265,0.0264478654135473,-0.277111855866013,0.78171850471517
4,"SRS","RIDRETH1Mexican American",3.48743935379204,1.81432733211615,1.92216657493908,0.0547045978361973
4,"SRS","RIDRETH1Other Hispanic",3.23788228281095,1.49208684190302,2.17003608093033,0.0301037731881277
4,"SRS","RIDRETH1Non-Hispanic Black",0.42944904382481,1.46738566489773,0.292662695362192,0.769805624407457
4,"SRS","RIDRETH1Other Race (Including Multi-Racial)",-0.927907479793471,1.47756552621527,-0.627997515731348,0.53006645833017
4,"SRS","DMDEDUC2< 9th Grade",1.39972994859095,2.3780170175692,0.588612250564022,0.55617751242617
4,"SRS","DMDEDUC29-11th Grade",2.99300685126541,1.88942666881759,1.58408203962657,0.113309176454448
4,"SRS","DMDEDUC2High School Grad/GED or Equivalent",3.132809588007,1.17604419202275,2.66385362833916,0.00777740602498403
4,"SRS","DMDEDUC2Some College or AA Degree",2.21382459362535,1.04098465306652,2.12666400710509,0.0335514754607396
5,"SRS","(Intercept)",382.413887622756,27.2255761623458,14.0461265297905,1.08475379475335e-36
5,"SRS","X5",-0.0214856996291363,0.0619136868574385,-0.347026654681524,0.729273831397688
5,"SRS","RIAGENDRFemale",25.481627071318,10.2062500658495,2.49666889473741,0.0126253600789663
5,"SRS","RIDAGEYR",3.44417690842868,0.298384812554519,11.5427352985648,5.27778258374811e-30
5,"SRS","RIDRETH1Mexican American",-47.5511895427547,20.4097055649463,-2.32983221592495,0.019899381508843
5,"SRS","RIDRETH1Other Hispanic",-63.2439572566749,16.6472376417952,-3.79906616446036,0.000148899255707206
5,"SRS","RIDRETH1Non-Hispanic Black",-104.579170116515,16.4732642126046,-6.3484181863905,2.6010163624471e-10
5,"SRS","RIDRETH1Other Race (Including Multi-Racial)",-55.1884121400866,16.7307511144186,-3.29862130890974,0.000986609385484599
5,"SRS","DMDEDUC2< 9th Grade",-20.2607980301447,27.0194033788748,-0.749861044155612,0.453415669918813
5,"SRS","DMDEDUC29-11th Grade",-46.6983440095164,21.9440552630546,-2.12806354384909,0.033454405362327
5,"SRS","DMDEDUC2High School Grad/GED or Equivalent",-19.1838188412945,14.0649121139184,-1.36394871762551,0.172764645555023
5,"SRS","DMDEDUC2Some College or AA Degree",5.50994353087146,11.9105957346454,0.46260855910374,0.643691061521582
1,"ETS (PC1*)","(Intercept)",42.7832548336656,3.54689174354424,12.0621823069554,4.60126467857669e-31
1,"ETS (PC1*)","X1",0.0020450424661271,0.00185190206015288,1.10429299158416,0.271124245229933
1,"ETS (PC1*)","RIAGENDRFemale",12.3830057140592,1.44351722458175,8.57835674087439,1.7784309274759e-17
1,"ETS (PC1*)","RIDAGEYR",0.726613361015391,0.0432887816081419,16.7852578433098,8.30536882390163e-60
1,"ETS (PC1*)","RIDRETH1Mexican American",-14.5154779338179,2.97253131160516,-4.88320438447443,1.11358375963329e-06
1,"ETS (PC1*)","RIDRETH1Other Hispanic",-10.3354193822491,2.47079446116343,-4.18303486781431,2.98529568384596e-05
1,"ETS (PC1*)","RIDRETH1Non-Hispanic Black",-18.748375247185,2.41359889250756,-7.7678090197111,1.18467788534058e-14
1,"ETS (PC1*)","RIDRETH1Other Race (Including Multi-Racial)",-6.66110872145945,2.41001038109035,-2.76393362191486,0.00575525290508458
1,"ETS (PC1*)","DMDEDUC2< 9th Grade",-7.33675671487979,3.89322980266331,-1.8844910490156,0.0596212633050219
1,"ETS (PC1*)","DMDEDUC29-11th Grade",-15.3087530755272,3.07740687829248,-4.97456257198638,7.00871007491044e-07
1,"ETS (PC1*)","DMDEDUC2High School Grad/GED or Equivalent",-7.36593026381133,1.92668558050031,-3.82310966478433,0.000135189868160762
1,"ETS (PC1*)","DMDEDUC2Some College or AA Degree",-2.76420951152746,1.70076569066073,-1.62527356161188,0.104237874868059
2,"ETS (PC1*)","(Intercept)",72.8336015280157,1.06295058381509,68.5202140504074,0
2,"ETS (PC1*)","X2",0.00314161576917061,0.00240990015311331,1.30362901762217,0.194776168202461
2,"ETS (PC1*)","RIAGENDRFemale",3.34078856141255,0.505359272213258,6.61071982865046,4.80415605499218e-11
2,"ETS (PC1*)","RIDAGEYR",-0.124524901170697,0.0153074740262399,-8.13490853926894,6.73528596847635e-16
2,"ETS (PC1*)","RIDRETH1Mexican American",-2.51282019038797,1.05252189713257,-2.38742794542684,0.0170484523986135
2,"ETS (PC1*)","RIDRETH1Other Hispanic",0.742642558199544,0.867731021170268,0.85584419604819,0.392176600198362
2,"ETS (PC1*)","RIDRETH1Non-Hispanic Black",-0.516732488128643,0.876013965318079,-0.589867865794832,0.555346580767803
2,"ETS (PC1*)","RIDRETH1Other Race (Including Multi-Racial)",0.77092172921776,0.843386404256359,0.91407891486881,0.360769288884324
2,"ETS (PC1*)","DMDEDUC2< 9th Grade",1.34255951921666,1.35816840973778,0.988507396866831,0.323005326526843
2,"ETS (PC1*)","DMDEDUC29-11th Grade",3.28091907328482,1.0756155614689,3.05027111062273,0.00231172315638796
2,"ETS (PC1*)","DMDEDUC2High School Grad/GED or Equivalent",2.59425575282889,0.673875736104816,3.84975391431125,0.000121393222893497
2,"ETS (PC1*)","DMDEDUC2Some College or AA Degree",2.57618405328368,0.598304105785996,4.30581042043717,1.73299292917415e-05
3,"ETS (PC1*)","(Intercept)",45.3340872009413,1.59471555578166,28.427694855413,2.68915226119449e-109
3,"ETS (PC1*)","X3",0.0384559893004791,0.0271194145699218,1.41802431617129,0.158504663469101
3,"ETS (PC1*)","RIAGENDRFemale",8.95755834014608,0.598481650141753,14.9671394904496,2.91064270137223e-48
3,"ETS (PC1*)","RIDAGEYR",0.113915707012347,0.0181176200111577,6.28756464382141,3.856211468312e-10
3,"ETS (PC1*)","RIDRETH1Mexican American",-3.40184481961736,1.24346079081144,-2.73578776649437,0.00627120649034456
3,"ETS (PC1*)","RIDRETH1Other Hispanic",-1.75925602028364,1.03466722898677,-1.70031095119003,0.0892147623093048
3,"ETS (PC1*)","RIDRETH1Non-Hispanic Black",2.87656095540013,0.99880873646999,2.87999178457982,0.00401308331657359
3,"ETS (PC1*)","RIDRETH1Other Race (Including Multi-Racial)",-0.0698210400988843,0.99999606362508,-0.0698213149417573,0.944341835776903
3,"ETS (PC1*)","DMDEDUC2< 9th Grade",-6.2381156579542,1.61694507022314,-3.85796386830466,0.000117423396326835
3,"ETS (PC1*)","DMDEDUC29-11th Grade",-4.82980135776432,1.27946690461247,-3.7748544650533,0.000164077704275912
3,"ETS (PC1*)","DMDEDUC2High School Grad/GED or Equivalent",-3.43853087108522,0.798139308018384,-4.30818384277099,1.71369693391546e-05
3,"ETS (PC1*)","DMDEDUC2Some College or AA Degree",-3.24032137779697,0.704363702374709,-4.6003525832925,4.44181046741777e-06
4,"ETS (PC1*)","(Intercept)",13.3438508719314,1.78313484876209,7.48336609606117,1.02586025693969e-13
4,"ETS (PC1*)","X4",0.00590080634455286,0.0258831865242672,0.227978357263719,0.819870831985615
4,"ETS (PC1*)","RIAGENDRFemale",-2.37309971188572,0.883918848508876,-2.68474839730933,0.00731184906614749
4,"ETS (PC1*)","RIDAGEYR",-0.00623392963263301,0.0263358597094911,-0.236708795588943,0.812903153304937
4,"ETS (PC1*)","RIDRETH1Mexican American",3.57744371607726,1.82237095356417,1.96307108005675,0.0497553639014733
4,"ETS (PC1*)","RIDRETH1Other Hispanic",3.2960951465772,1.48776601721044,2.21546608031643,0.0268229227542859
4,"ETS (PC1*)","RIDRETH1Non-Hispanic Black",0.412629504372049,1.46626565611743,0.28141524194508,0.77841648247129
4,"ETS (PC1*)","RIDRETH1Other Race (Including Multi-Racial)",-0.849255358405574,1.47662446707741,-0.575132931453079,0.565256232705952
4,"ETS (PC1*)","DMDEDUC2< 9th Grade",1.35941462658395,2.37597973018101,0.572149084150807,0.567275183315088
4,"ETS (PC1*)","DMDEDUC29-11th Grade",2.91965395658524,1.88233005957826,1.55108501919127,0.121014772198036
4,"ETS (PC1*)","DMDEDUC2High School Grad/GED or Equivalent",3.16053809374093,1.17752387751939,2.68405435684159,0.00732417188217753
4,"ETS (PC1*)","DMDEDUC2Some College or AA Degree",2.24649646020173,1.03793866501606,2.16438267107717,0.0305345004449511
5,"ETS (PC1*)","(Intercept)",375.795352489855,27.0975056724633,13.8682636340119,7.01422757717322e-36
5,"ETS (PC1*)","X5",-0.000333013370325393,0.0659102135539155,-0.005052530592288,0.995978962980472
5,"ETS (PC1*)","RIAGENDRFemale",26.6413022010939,10.0914307451998,2.63999257129781,0.00835798808720419
5,"ETS (PC1*)","RIDAGEYR",3.46027151213368,0.29599374581226,11.6903534655372,9.89105419432309e-31
5,"ETS (PC1*)","RIDRETH1Mexican American",-48.285860323152,20.3527450458117,-2.37244952533263,0.0177502602177557
5,"ETS (PC1*)","RIDRETH1Other Hispanic",-63.1017594888879,16.6545991782257,-3.78884888273911,0.000155121833991266
5,"ETS (PC1*)","RIDRETH1Non-Hispanic Black",-104.628983603609,16.4451768636928,-6.362289957161,2.37886508367899e-10
5,"ETS (PC1*)","RIDRETH1Other Race (Including Multi-Racial)",-56.0205035961002,16.6292494500526,-3.3687932678118,0.000767349716525024
5,"ETS (PC1*)","DMDEDUC2< 9th Grade",-18.7782873614543,26.74916303331,-0.702014015843045,0.48273997628556
5,"ETS (PC1*)","DMDEDUC29-11th Grade",-44.9796907724948,21.2667600351013,-2.1150231957409,0.0345342467150494
5,"ETS (PC1*)","DMDEDUC2High School Grad/GED or Equivalent",-17.4633758046403,13.8724105363245,-1.25885661752245,0.20824025307257
5,"ETS (PC1*)","DMDEDUC2Some College or AA Degree",6.37860471083141,11.8321899146172,0.539089108344302,0.589878646904159
1,"ETS (PC1*)","(Intercept)",42.4471016517256,3.57619315627175,11.8693537504494,4.94277374283164e-30
1,"ETS (PC1*)","X1",0.0023396572038316,0.0018837516139973,1.24202001285449,0.216126695973286
1,"ETS (PC1*)","RIAGENDRFemale",12.4447869377863,1.44698638098617,8.60048657078914,1.49081994483101e-17
1,"ETS (PC1*)","RIDAGEYR",0.72728063969686,0.0433219127634516,16.7878238356647,8.1929921892637e-60
1,"ETS (PC1*)","RIDRETH1Mexican American",-14.4630019519152,2.97396969545176,-4.86319748786753,1.23123680662383e-06
1,"ETS (PC1*)","RIDRETH1Other Hispanic",-10.2718854256606,2.47074811925307,-4.15739886458597,3.33804823932549e-05
1,"ETS (PC1*)","RIDRETH1Non-Hispanic Black",-18.6899279442534,2.41923504114882,-7.72555275794044,1.64378526236376e-14
1,"ETS (PC1*)","RIDRETH1Other Race (Including Multi-Racial)",-6.69622685517657,2.4095188171957,-2.77907223939838,0.0054946371042887
1,"ETS (PC1*)","DMDEDUC2< 9th Grade",-7.33362034502665,3.8906101585409,-1.88495378518649,0.0595586162622859
1,"ETS (PC1*)","DMDEDUC29-11th Grade",-15.277657623226,3.07630247979396,-4.96624038876998,7.31273487323429e-07
1,"ETS (PC1*)","DMDEDUC2High School Grad/GED or Equivalent",-7.3598557113027,1.92556425282797,-3.82218131671986,0.00013569395387084
1,"ETS (PC1*)","DMDEDUC2Some College or AA Degree",-2.80359849014041,1.7010517081327,-1.64815594772131,0.0994539463244807
2,"ETS (PC1*)","(Intercept)",72.8652890247488,1.04577069498881,69.676162636713,0
2,"ETS (PC1*)","X2",0.00288057856298812,0.00201057664883302,1.43271263229884,0.153610330084985
2,"ETS (PC1*)","RIAGENDRFemale",3.32535071207645,0.501525021403217,6.63047818187107,4.17203836424459e-11
2,"ETS (PC1*)","RIDAGEYR",-0.124027640312178,0.0152116437314569,-8.15346733737229,5.72348062860286e-16
2,"ETS (PC1*)","RIDRETH1Mexican American",-2.55244649947576,1.04366719230201,-2.44565175402884,0.0145322780731068
2,"ETS (PC1*)","RIDRETH1Other Hispanic",0.737519767662933,0.863856035391997,0.85375309941345,0.393331585278907
2,"ETS (PC1*)","RIDRETH1Non-Hispanic Black",-0.547310337027222,0.864829117768307,-0.632853734665591,0.526895762341932
2,"ETS (PC1*)","RIDRETH1Other Race (Including Multi-Racial)",0.768895978560209,0.842904934768621,0.912197742407657,0.361758031193863
2,"ETS (PC1*)","DMDEDUC2< 9th Grade",1.34480343351578,1.35932211508488,0.989319175044693,0.322608275615107
2,"ETS (PC1*)","DMDEDUC29-11th Grade",3.28144022625936,1.07613171132832,3.04929237909821,0.0023192404841752
2,"ETS (PC1*)","DMDEDUC2High School Grad/GED or Equivalent",2.58480485143269,0.674358072849219,3.83298570225707,0.00012992458468738
2,"ETS (PC1*)","DMDEDUC2Some College or AA Degree",2.57761824878987,0.597792954390533,4.31189131597884,1.68603002316465e-05
3,"ETS (PC1*)","(Intercept)",45.4991174519173,1.54840407463411,29.3845244902682,2.3630803037962e-122
3,"ETS (PC1*)","X3",0.0342938773655,0.0251254858680267,1.36490404785129,0.174215405630312
3,"ETS (PC1*)","RIAGENDRFemale",8.93561622913917,0.594941354939205,15.0193227533364,1.18268367041815e-48
3,"ETS (PC1*)","RIDAGEYR",0.113316806018228,0.0180767944479985,6.26863387445191,4.33872543476625e-10
3,"ETS (PC1*)","RIDRETH1Mexican American",-3.3948496613402,1.24535670458324,-2.7260058494456,0.00645948328001726
3,"ETS (PC1*)","RIDRETH1Other Hispanic",-1.78432846340474,1.0362288902814,-1.72194433116046,0.085221692018214
3,"ETS (PC1*)","RIDRETH1Non-Hispanic Black",2.86683060227142,0.999430848802823,2.86846319153093,0.00416176131491824
3,"ETS (PC1*)","RIDRETH1Other Race (Including Multi-Racial)",-0.0613531017908665,1.00130180374367,-0.0612733359327622,0.951146754660491
3,"ETS (PC1*)","DMDEDUC2< 9th Grade",-6.27771161002507,1.61440765173572,-3.88855417234652,0.000103635973964411
3,"ETS (PC1*)","DMDEDUC29-11th Grade",-4.85824140795537,1.27708851694795,-3.80415401398005,0.000145906474118064
3,"ETS (PC1*)","DMDEDUC2High School Grad/GED or Equivalent",-3.43833025663153,0.797757491304921,-4.30999432046364,1.69967773927532e-05
3,"ETS (PC1*)","DMDEDUC2Some College or AA Degree",-3.23529918379199,0.703591289201457,-4.59826497775989,4.48523874794899e-06
4,"ETS (PC1*)","(Intercept)",13.3870405757145,1.78184925265121,7.51300400737936,8.22059338266473e-14
4,"ETS (PC1*)","X4",0.00318289200793311,0.0251998830270509,0.126305824694362,0.899592734156312
4,"ETS (PC1*)","RIAGENDRFemale",-2.39565868271574,0.881439972693646,-2.71789203681642,0.0066198356181939
4,"ETS (PC1*)","RIDAGEYR",-0.00648799286517102,0.0263296628690225,-0.246413822214347,0.805383224863364
4,"ETS (PC1*)","RIDRETH1Mexican American",3.54912615773373,1.82144417066424,1.94852316359466,0.0514708371663049
4,"ETS (PC1*)","RIDRETH1Other Hispanic",3.28738234537524,1.48749705589544,2.21000931218402,0.0271998657425714
4,"ETS (PC1*)","RIDRETH1Non-Hispanic Black",0.422312040601919,1.4655320144119,0.288162958194666,0.773247167782538
4,"ETS (PC1*)","RIDRETH1Other Race (Including Multi-Racial)",-0.856616044980434,1.47745425244323,-0.579791924903168,0.562110325810461
4,"ETS (PC1*)","DMDEDUC2< 9th Grade",1.37728795651132,2.37590908444918,0.579688829646706,0.56217950765138
4,"ETS (PC1*)","DMDEDUC29-11th Grade",2.92067910514765,1.88239349554222,1.55157734664099,0.120896835301829
4,"ETS (PC1*)","DMDEDUC2High School Grad/GED or Equivalent",3.15741721028681,1.17773414008546,2.68092526387806,0.00739280643927017
4,"ETS (PC1*)","DMDEDUC2Some College or AA Degree",2.24225151396667,1.0382758737309,2.15959127116134,0.0309043215133291
5,"ETS (PC1*)","(Intercept)",379.078185884187,27.8572910737765,13.6078624759402,4.925440244731e-34
5,"ETS (PC1*)","X5",-0.0127077397845096,0.0683695371505493,-0.185868448348966,0.852950819437492
5,"ETS (PC1*)","RIAGENDRFemale",26.1135280249442,10.0641048955438,2.59471938100592,0.00953798641949822
5,"ETS (PC1*)","RIDAGEYR",3.4592798925989,0.297089183902758,11.6439105831977,1.69035788082547e-30
5,"ETS (PC1*)","RIDRETH1Mexican American",-48.4066746238632,20.3588588362826,-2.37767131316786,0.0175015818039661
5,"ETS (PC1*)","RIDRETH1Other Hispanic",-63.0188603289789,16.650215215359,-3.78486761365385,0.000157609835894289
5,"ETS (PC1*)","RIDRETH1Non-Hispanic Black",-104.703166462867,16.4455992229473,-6.36663736258207,2.31358453732394e-10
5,"ETS (PC1*)","RIDRETH1Other Race (Including Multi-Racial)",-55.4915688682684,16.6531398407016,-3.33219857630947,0.00087527343406766
5,"ETS (PC1*)","DMDEDUC2< 9th Grade",-19.4165730609375,26.7546749157923,-0.725726368272058,0.468078933578267
5,"ETS (PC1*)","DMDEDUC29-11th Grade",-45.5463605164691,21.3027624778101,-2.13804949306045,0.0326175379800604
5,"ETS (PC1*)","DMDEDUC2High School Grad/GED or Equivalent",-18.3797312303139,13.9819064341382,-1.31453684924096,0.188839788573751
5,"ETS (PC1*)","DMDEDUC2Some College or AA Degree",5.87798150159825,11.9158574018793,0.493290688479638,0.621857213630897
1,"SRS","(Intercept)",44.8152484004728,3.67889878973153,12.1817019064401,1.03279512816621e-30
1,"SRS","X1",0.000258882577850385,0.00206252632340897,0.125517223665054,0.900320472459035
1,"SRS","RIAGENDRFemale",12.0818122716104,1.43576077602625,8.41492014083938,6.90477254018061e-17
1,"SRS","RIDAGEYR",0.722470424259003,0.0432807006316198,16.6926693356527,3.32234513910459e-59
1,"SRS","RIDRETH1Mexican American",-14.7118076513868,2.97358338106173,-4.9475013026653,8.04735048210212e-07
1,"SRS","RIDRETH1Other Hispanic",-10.7739566026808,2.45973083849889,-4.38013640925682,1.23908003088953e-05
1,"SRS","RIDRETH1Non-Hispanic Black",-19.021992284221,2.41605359195637,-7.87316653386741,5.24507023358543e-15
1,"SRS","RIDRETH1Other Race (Including Multi-Racial)",-6.80169997782822,2.40867810906348,-2.82383102675052,0.00478506473900428
1,"SRS","DMDEDUC2< 9th Grade",-7.57734273248618,3.8952882389681,-1.94525854510153,0.0518623060375117
1,"SRS","DMDEDUC29-11th Grade",-15.2491028650231,3.10753156058023,-4.90714336049278,9.88117298695294e-07
1,"SRS","DMDEDUC2High School Grad/GED or Equivalent",-7.35092917745372,1.93516973345412,-3.79859660389217,0.000149218083302137
1,"SRS","DMDEDUC2Some College or AA Degree",-2.70531385748774,1.70179852431763,-1.58967928272972,0.112041031282779
2,"SRS","(Intercept)",73.5668280101078,1.03739624858786,70.9148776181225,0
2,"SRS","X2",-0.00183762757937107,0.00189134296382219,-0.971599342119015,0.332476591118264
2,"SRS","RIAGENDRFemale",3.13006679632849,0.495334019026735,6.31910322347464,3.13958269965002e-10
2,"SRS","RIDAGEYR",-0.119198198240658,0.0151800342498248,-7.8523010079528,6.1670914625495e-15
2,"SRS","RIDRETH1Mexican American",-2.86064254977845,1.04650013293363,-2.73353290625896,0.00631328457728342
2,"SRS","RIDRETH1Other Hispanic",0.382781023437033,0.860984446416676,0.444585294229327,0.656661182091703
2,"SRS","RIDRETH1Non-Hispanic Black",-1.04553297229412,0.862443441040432,-1.21229163854827,0.225529446922636
2,"SRS","RIDRETH1Other Race (Including Multi-Racial)",0.680801673102868,0.841812118597172,0.808733514358741,0.418749887222967
2,"SRS","DMDEDUC2< 9th Grade",1.25122078722516,1.36114640251945,0.919240417422539,0.358063710793826
2,"SRS","DMDEDUC29-11th Grade",3.2216990806664,1.07599322796233,2.99416297142271,0.00278047808386393
2,"SRS","DMDEDUC2High School Grad/GED or Equivalent",2.53482332177646,0.67470736925631,3.75692253750014,0.000176188872495197
2,"SRS","DMDEDUC2Some College or AA Degree",2.70027901434088,0.594056812296876,4.54548951959738,5.75688793210535e-06
3,"SRS","(Intercept)",46.8211148201001,1.72356227059652,27.1653166345394,9.94675233643064e-92
3,"SRS","X3",0.00045190739491703,0.0300159033083762,0.0150555987029356,0.988012728356728
3,"SRS","RIAGENDRFemale",8.77980865339135,0.600517706402716,14.6203992984405,3.15726752377096e-46
3,"SRS","RIDAGEYR",0.109660856372522,0.0185773492702833,5.90293344745031,4.17346361285e-09
3,"SRS","RIDRETH1Mexican American",-3.65454873401747,1.23176349462551,-2.96692404829593,0.00303821397506488
3,"SRS","RIDRETH1Other Hispanic",-2.1149133677984,1.06528003102336,-1.98531213033884,0.04725790998757
3,"SRS","RIDRETH1Non-Hispanic Black",2.72652976955817,1.00301415253378,2.71833628934398,0.0066099604022058
3,"SRS","RIDRETH1Other Race (Including Multi-Racial)",-0.194698215363208,0.997922566768545,-0.195103529919838,0.845328682571752
3,"SRS","DMDEDUC2< 9th Grade",-6.43872235439059,1.6097720194636,-3.99977281039837,6.53453085595371e-05
3,"SRS","DMDEDUC29-11th Grade",-4.98757656558449,1.27498907301096,-3.91185828268005,9.41673693367564e-05
3,"SRS","DMDEDUC2High School Grad/GED or Equivalent",-3.4747652522936,0.797750259563217,-4.35570557406788,1.38297940823853e-05
3,"SRS","DMDEDUC2Some College or AA Degree",-3.27586615052121,0.704578001766437,-4.64940168768871,3.51260738048737e-06
4,"SRS","(Intercept)",13.4834367306327,1.83815567516854,7.33530729348935,3.2322040583605e-13
4,"SRS","X4",-0.00241994752607435,0.0317022631567066,-0.0763335889968602,0.939269865095962
4,"SRS","RIAGENDRFemale",-2.44005958580659,0.893711723319124,-2.73025352822333,0.0063820242533293
4,"SRS","RIDAGEYR",-0.00685527722232878,0.026444553141146,-0.259232106730607,0.795478861458347
4,"SRS","RIDRETH1Mexican American",3.47827071176364,1.83438056418284,1.89615545415087,0.0580642546579549
4,"SRS","RIDRETH1Other Hispanic",3.26887951521614,1.49225772892104,2.19055961437685,0.0285814940099052
4,"SRS","RIDRETH1Non-Hispanic Black",0.39493742965883,1.47016181818521,0.268635346649354,0.788233788700322
4,"SRS","RIDRETH1Other Race (Including Multi-Racial)",-0.868730517202954,1.47275760611601,-0.589866596916779,0.555336433913137
4,"SRS","DMDEDUC2< 9th Grade",1.37168340481371,2.38088678301374,0.576122902861189,0.564586966675549
4,"SRS","DMDEDUC29-11th Grade",2.96356819967633,1.8887032044051,1.56910211872584,0.116758544815537
4,"SRS","DMDEDUC2High School Grad/GED or Equivalent",3.13459896246671,1.18098016015464,2.65423507373424,0.008002372793839
4,"SRS","DMDEDUC2Some College or AA Degree",2.23167078794864,1.04379477864633,2.13803597565687,0.0326169391133781
5,"SRS","(Intercept)",374.581602850992,24.5470033217717,15.2597691026,2.52317045845912e-45
5,"SRS","X5",0.00386611018576619,0.0574070631828315,0.0673455489867737,0.946420596037922
5,"SRS","RIAGENDRFemale",26.8660877102851,10.148378798074,2.64732803582221,0.00817963130981682
5,"SRS","RIDAGEYR",3.4636361959841,0.295374837437745,11.7262398721222,6.57620062921319e-31
5,"SRS","RIDRETH1Mexican American",-48.5609259470678,20.3896382282513,-2.38164725648654,0.0173143671888498
5,"SRS","RIDRETH1Other Hispanic",-63.1528503569104,16.6594698644476,-3.790807923107,0.000153910646980807
5,"SRS","RIDRETH1Non-Hispanic Black",-104.709569508383,16.4523611830835,-6.36440984629281,2.34678606925483e-10
5,"SRS","RIDRETH1Other Race (Including Multi-Racial)",-56.4860141842486,16.6643258375253,-3.38963692470844,0.000711596392594993
5,"SRS","DMDEDUC2< 9th Grade",-18.4499937135311,26.725461275071,-0.690352676185273,0.490040402558888
5,"SRS","DMDEDUC29-11th Grade",-44.248684195698,21.2973913116666,-2.07765747213645,0.0378507142566831
5,"SRS","DMDEDUC2High School Grad/GED or Equivalent",-17.3577872638036,13.2663063864608,-1.30841145667482,0.190862274465213
5,"SRS","DMDEDUC2Some College or AA Degree",6.52953824128961,11.8521230659247,0.550917182092235,0.581745048906614
1,"ETS (PC1*)","(Intercept)",45.5309060558279,3.81932929031221,11.9211784569918,3.02024153301805e-29
1,"ETS (PC1*)","X1",-0.00035313353794024,0.00207394054776246,-0.170271774820754,0.865067984915848
1,"ETS (PC1*)","RIAGENDRFemale",11.9977006445757,1.43911223504832,8.33687627162233,1.31770576099975e-16
1,"ETS (PC1*)","RIDAGEYR",0.721242427897442,0.0435187550309219,16.5731401871439,2.14188948286143e-58
1,"ETS (PC1*)","RIDRETH1Mexican American",-14.7326571217966,2.96745765096999,-4.96474047977764,7.36895276962103e-07
1,"ETS (PC1*)","RIDRETH1Other Hispanic",-10.9135018113361,2.4807454956211,-4.39928313105882,1.13683607765001e-05
1,"ETS (PC1*)","RIDRETH1Non-Hispanic Black",-19.1374470496156,2.45280697453819,-7.80226379339074,9.27689960568463e-15
1,"ETS (PC1*)","RIDRETH1Other Race (Including Multi-Racial)",-6.81287006274875,2.41452823020187,-2.82161541021997,0.00481829777060792
1,"ETS (PC1*)","DMDEDUC2< 9th Grade",-7.60363095206431,3.9020407352857,-1.94862931165879,0.051458286926875
1,"ETS (PC1*)","DMDEDUC29-11th Grade",-15.3790204266849,3.08738721917328,-4.98124120329907,6.7755998706173e-07
1,"ETS (PC1*)","DMDEDUC2High School Grad/GED or Equivalent",-7.3716137168521,1.92479233531187,-3.82982287575334,0.000131563427793727
1,"ETS (PC1*)","DMDEDUC2Some College or AA Degree",-2.70930573328252,1.69972972472275,-1.5939626717562,0.111078007467193
2,"ETS (PC1*)","(Intercept)",73.6747060069214,1.05952651752789,69.5354998559361,0
2,"ETS (PC1*)","X2",-0.00199846690625355,0.00187976434683979,-1.06314757464856,0.289062632801865
2,"ETS (PC1*)","RIAGENDRFemale",3.11338901305543,0.497124411493122,6.26279647725265,4.49093833470678e-10
2,"ETS (PC1*)","RIDAGEYR",-0.120936758420459,0.0150614572767595,-8.02955226696884,1.52609789371329e-15
2,"ETS (PC1*)","RIDRETH1Mexican American",-2.92705219207129,1.05343876713028,-2.77856889588846,0.00550421796829983
2,"ETS (PC1*)","RIDRETH1Other Hispanic",0.359809174024621,0.861337578128986,0.417733050502923,0.676181199705056
2,"ETS (PC1*)","RIDRETH1Non-Hispanic Black",-1.03501858523967,0.857364536014597,-1.20720946780804,0.227478043223424
2,"ETS (PC1*)","RIDRETH1Other Race (Including Multi-Racial)",0.629736313632911,0.843358762599215,0.746700386075406,0.455318938742746
2,"ETS (PC1*)","DMDEDUC2< 9th Grade",1.3459760314867,1.35880943565449,0.990555405466692,0.322003922221228
2,"ETS (PC1*)","DMDEDUC29-11th Grade",3.23987985541105,1.07499387468113,3.01385889884449,0.00260679832934892
2,"ETS (PC1*)","DMDEDUC2High School Grad/GED or Equivalent",2.52490420557783,0.674781057739668,3.74181251328478,0.00018706278180804
2,"ETS (PC1*)","DMDEDUC2Some College or AA Degree",2.7362049493175,0.59667229228193,4.58577511426429,4.76087179407249e-06
3,"ETS (PC1*)","(Intercept)",46.4273149443743,1.56356417417746,29.6932583331913,5.43370180661416e-126
3,"ETS (PC1*)","X3",0.0103528317361075,0.025103564595742,0.412404847790564,0.68054865930189
3,"ETS (PC1*)","RIAGENDRFemale",8.84208702935642,0.604653917815785,14.6233849956634,3.09211366981137e-46
3,"ETS (PC1*)","RIDAGEYR",0.110850531428568,0.0181265974106396,6.11535242480218,1.12904484289393e-09
3,"ETS (PC1*)","RIDRETH1Mexican American",-3.62714858471796,1.22922739931355,-2.95075474785504,0.00320110424744227
3,"ETS (PC1*)","RIDRETH1Other Hispanic",-2.02838077791391,1.02987846459478,-1.96953412237045,0.0490141425872732
3,"ETS (PC1*)","RIDRETH1Non-Hispanic Black",2.77205134932807,0.999503689922252,2.77342782950977,0.00559077141694292
3,"ETS (PC1*)","RIDRETH1Other Race (Including Multi-Racial)",-0.145857961724634,1.00193441519937,-0.145576356607743,0.884268321759568
3,"ETS (PC1*)","DMDEDUC2< 9th Grade",-6.39160002044583,1.61675828088385,-3.95334299259112,7.93394118697535e-05
3,"ETS (PC1*)","DMDEDUC29-11th Grade",-4.98686111522122,1.27383111276559,-3.9148526560906,9.30098574100459e-05
3,"ETS (PC1*)","DMDEDUC2High School Grad/GED or Equivalent",-3.45866226022171,0.797810083120665,-4.33519497108011,1.51732263227332e-05
3,"ETS (PC1*)","DMDEDUC2Some College or AA Degree",-3.28308875323284,0.70337141684614,-4.66764596143804,3.21672439945218e-06
4,"ETS (PC1*)","(Intercept)",13.3058743469046,1.77079536806583,7.51406660919726,8.12725113357057e-14
4,"ETS (PC1*)","X4",0.0122133550848626,0.0265599929982823,0.45984029761049,0.646127981011881
4,"ETS (PC1*)","RIAGENDRFemale",-2.35744955971886,0.87064828928643,-2.70769447172634,0.00682495522298442
4,"ETS (PC1*)","RIDAGEYR",-0.0064613600919285,0.026348339999232,-0.245228355642778,0.806300862616832
4,"ETS (PC1*)","RIDRETH1Mexican American",3.60882153465067,1.8211192191261,1.98165034817569,0.0476342694750647
4,"ETS (PC1*)","RIDRETH1Other Hispanic",3.34557264587665,1.49168917781733,2.24280815040299,0.0250018432220745
4,"ETS (PC1*)","RIDRETH1Non-Hispanic Black",0.380852946369914,1.46940944633136,0.259187762349549,0.795512930501502
4,"ETS (PC1*)","RIDRETH1Other Race (Including Multi-Racial)",-0.853315477112759,1.47156278817668,-0.579870246766736,0.562057248389036
4,"ETS (PC1*)","DMDEDUC2< 9th Grade",1.36599963205954,2.37605147646264,0.574903214678319,0.565411277085787
4,"ETS (PC1*)","DMDEDUC29-11th Grade",2.92829266120302,1.88117783344508,1.55662724126422,0.119692421269425
4,"ETS (PC1*)","DMDEDUC2High School Grad/GED or Equivalent",3.14898909886816,1.17633704694053,2.67694459428801,0.00748088844808806
4,"ETS (PC1*)","DMDEDUC2Some College or AA Degree",2.22799157880804,1.03839325404324,2.14561445784899,0.0320051368824413
5,"ETS (PC1*)","(Intercept)",391.873215974848,27.5738399582913,14.2117752394154,5.11603221433636e-37
5,"ETS (PC1*)","X5",-0.0550811742092712,0.0653461582537838,-0.842913733281051,0.401236785974689
5,"ETS (PC1*)","RIAGENDRFemale",23.8456344549695,10.2491051863793,2.32660647162246,0.0201023656281696
5,"ETS (PC1*)","RIDAGEYR",3.4277413111275,0.29847134896952,11.4843227765809,1.00977869504189e-29
5,"ETS (PC1*)","RIDRETH1Mexican American",-46.1659324405955,20.5149773925281,-2.25035258666236,0.0245203049551528
5,"ETS (PC1*)","RIDRETH1Other Hispanic",-64.284981007826,16.7262850532155,-3.84335079805828,0.000124599310233861
5,"ETS (PC1*)","RIDRETH1Non-Hispanic Black",-104.080874710417,16.4742181415708,-6.31780360172483,3.16308508804895e-10
5,"ETS (PC1*)","RIDRETH1Other Race (Including Multi-Racial)",-52.6299479081632,17.0523835626507,-3.0863689943872,0.00205306206129888
5,"ETS (PC1*)","DMDEDUC2< 9th Grade",-21.7852753684075,26.8987637626457,-0.809898758197235,0.418081890612657
5,"ETS (PC1*)","DMDEDUC29-11th Grade",-46.7284319907552,21.210244279764,-2.20310673344471,0.0276845896538263
5,"ETS (PC1*)","DMDEDUC2High School Grad/GED or Equivalent",-19.9137611804889,13.5093226522192,-1.47407547314874,0.140605849795273
5,"ETS (PC1*)","DMDEDUC2Some College or AA Degree",4.19077962192387,11.8958164381827,0.352290205863676,0.724654433264934
1,"ETS (PC1*)","(Intercept)",45.6251230716072,3.8067462677545,11.9853333693607,1.38718292515695e-29
1,"ETS (PC1*)","X1",-0.000416316363484216,0.00206587417578839,-0.201520677475597,0.840611195401118
1,"ETS (PC1*)","RIAGENDRFemale",11.985533945808,1.4382239856635,8.33356560958664,1.35308753218184e-16
1,"ETS (PC1*)","RIDAGEYR",0.721132797402005,0.0435474802592237,16.5596905517688,2.66679078481066e-58
1,"ETS (PC1*)","RIDRETH1Mexican American",-14.7557682158411,2.96906126584492,-4.96984295527561,7.18027486099201e-07
1,"ETS (PC1*)","RIDRETH1Other Hispanic",-10.9268644680029,2.47554571508067,-4.41392150483751,1.06277414999534e-05
1,"ETS (PC1*)","RIDRETH1Non-Hispanic Black",-19.1745700334818,2.44494353007713,-7.84254106387352,6.74879686633798e-15
1,"ETS (PC1*)","RIDRETH1Other Race (Including Multi-Racial)",-6.85394130589475,2.41369351012552,-2.83960713203323,0.00455561018588567
1,"ETS (PC1*)","DMDEDUC2< 9th Grade",-7.63613255380036,3.90005134270255,-1.95795693000003,0.0503527968780054
1,"ETS (PC1*)","DMDEDUC29-11th Grade",-15.3680591491131,3.08527100136915,-4.98110510950035,6.77957436042596e-07
1,"ETS (PC1*)","DMDEDUC2High School Grad/GED or Equivalent",-7.40871306674612,1.92601745670448,-3.84664897036958,0.000122909336665831
1,"ETS (PC1*)","DMDEDUC2Some College or AA Degree",-2.73303459690861,1.69918651668269,-1.60843707861118,0.10787282960601
2,"ETS (PC1*)","(Intercept)",73.7463735338452,1.06154022879007,69.4711057892742,0
2,"ETS (PC1*)","X2",-0.00237928784827847,0.00191257987133725,-1.24402012377915,0.215093593751869
2,"ETS (PC1*)","RIAGENDRFemale",3.08875165177265,0.498973317129015,6.19021407706661,7.09727284285095e-10
2,"ETS (PC1*)","RIDAGEYR",-0.120771780935291,0.0150503284028073,-8.02452795068338,1.58753742438063e-15
2,"ETS (PC1*)","RIDRETH1Mexican American",-2.98167224374754,1.05510663595995,-2.82594397772389,0.00475504630137534
2,"ETS (PC1*)","RIDRETH1Other Hispanic",0.325873438441671,0.86179367914344,0.378133938932536,0.705365948230537
2,"ETS (PC1*)","RIDRETH1Non-Hispanic Black",-1.06932002485993,0.856579693863582,-1.2483602314185,0.212028273965328
2,"ETS (PC1*)","RIDRETH1Other Race (Including Multi-Racial)",0.63161515321387,0.843042566100609,0.749209089329058,0.45380598069421
2,"ETS (PC1*)","DMDEDUC2< 9th Grade",1.35989259621823,1.35823075828821,1.00122353136231,0.316820999072675
2,"ETS (PC1*)","DMDEDUC29-11th Grade",3.24128608819538,1.07523469479555,3.01449172342014,0.00260141497334586
2,"ETS (PC1*)","DMDEDUC2High School Grad/GED or Equivalent",2.51164784935137,0.675668914381878,3.71727601476101,0.000206096866395831
2,"ETS (PC1*)","DMDEDUC2Some College or AA Degree",2.75170227785141,0.597217789635146,4.60753568565412,4.29353391247034e-06
3,"ETS (PC1*)","(Intercept)",46.4179633119794,1.61871933615006,28.6757328928801,2.04623484504543e-111
3,"ETS (PC1*)","X3",0.0103898905396092,0.0266866137602391,0.389329670409114,0.697584847214778
3,"ETS (PC1*)","RIAGENDRFemale",8.84637671369614,0.610181716935798,14.4979380210222,2.18836406457385e-45
3,"ETS (PC1*)","RIDAGEYR",0.111012233084938,0.0182202140801735,6.09280618748255,1.30142245462775e-09
3,"ETS (PC1*)","RIDRETH1Mexican American",-3.62637675828264,1.22952980078244,-2.94940127191297,0.00321513300406854
3,"ETS (PC1*)","RIDRETH1Other Hispanic",-2.03239260504846,1.0317778123718,-1.96979677279211,0.0489853580121844
3,"ETS (PC1*)","RIDRETH1Non-Hispanic Black",2.77092496104788,1.00096290442154,2.7682593918395,0.00568016384298941
3,"ETS (PC1*)","RIDRETH1Other Race (Including Multi-Racial)",-0.142659968004109,1.00469001803404,-0.141994013519975,0.887097019485129
3,"ETS (PC1*)","DMDEDUC2< 9th Grade",-6.3890762505896,1.61763251920137,-3.94964627302615,8.05701838269676e-05
3,"ETS (PC1*)","DMDEDUC29-11th Grade",-4.99126503835167,1.27360686912851,-3.91899977876771,9.14334645928404e-05
3,"ETS (PC1*)","DMDEDUC2High School Grad/GED or Equivalent",-3.45761146616213,0.797718216048422,-4.33437697247251,1.52292609878223e-05
3,"ETS (PC1*)","DMDEDUC2Some College or AA Degree",-3.28140590566193,0.703503498961908,-4.66437751980478,3.26791419542317e-06
4,"ETS (PC1*)","(Intercept)",13.2896454426062,1.77370686035107,7.49258275968766,9.55902866735991e-14
4,"ETS (PC1*)","X4",0.0126887545591402,0.0268064087743145,0.473347797758661,0.636497016589738
4,"ETS (PC1*)","RIAGENDRFemale",-2.3574150123722,0.870500036584044,-2.70811592567302,0.0068162374979693
4,"ETS (PC1*)","RIDAGEYR",-0.00629371307735945,0.0263406608198511,-0.238935276544631,0.811176427608379
4,"ETS (PC1*)","RIDRETH1Mexican American",3.60994633295615,1.82204053182223,1.98126565787525,0.0476776905236413
4,"ETS (PC1*)","RIDRETH1Other Hispanic",3.33894447000619,1.49072413197976,2.23981379141686,0.0251958282319344
4,"ETS (PC1*)","RIDRETH1Non-Hispanic Black",0.367321965491935,1.46930305616985,0.249997414726314,0.802611060464183
4,"ETS (PC1*)","RIDRETH1Other Race (Including Multi-Racial)",-0.857116404348252,1.4724505643406,-0.582101990454321,0.560553431835967
4,"ETS (PC1*)","DMDEDUC2< 9th Grade",1.36407290187841,2.3758267890121,0.574146612112917,0.56592302679957
4,"ETS (PC1*)","DMDEDUC29-11th Grade",2.93315314134387,1.88064856779557,1.55964978868009,0.118976020247053
4,"ETS (PC1*)","DMDEDUC2High School Grad/GED or Equivalent",3.16256649369925,1.17648452260545,2.68814968062257,0.00723519793266811
4,"ETS (PC1*)","DMDEDUC2Some College or AA Degree",2.24331717542638,1.03808037357875,2.16102455313033,0.0307933221802117
5,"ETS (PC1*)","(Intercept)",390.299568076964,25.6949916831867,15.189713734461,3.98237732778224e-44
5,"ETS (PC1*)","X5",-0.0500530086980052,0.0570106195063885,-0.877959389520339,0.38162438575228
5,"ETS (PC1*)","RIAGENDRFemale",24.1834988081971,10.0426586184451,2.40807735551021,0.0161246909840707
5,"ETS (PC1*)","RIDAGEYR",3.43322211319292,0.29704561266732,11.5578953762835,4.34936537173493e-30
5,"ETS (PC1*)","RIDRETH1Mexican American",-46.4117376174212,20.5015700794069,-2.2638138170715,0.0236775246020243
5,"ETS (PC1*)","RIDRETH1Other Hispanic",-64.3273212604064,16.6933547847639,-3.85346876585395,0.00011956902473147
5,"ETS (PC1*)","RIDRETH1Non-Hispanic Black",-104.350766230265,16.4467275701786,-6.34477380287341,2.66107326498804e-10
5,"ETS (PC1*)","RIDRETH1Other Race (Including Multi-Racial)",-52.8947646199136,16.9254684728524,-3.12515808379273,0.001800476239164
5,"ETS (PC1*)","DMDEDUC2< 9th Grade",-21.4988757390283,26.8306693393123,-0.801279888591079,0.423051267887663
5,"ETS (PC1*)","DMDEDUC29-11th Grade",-46.3627224539767,21.1601094288535,-2.19104360541526,0.0285463721493977
5,"ETS (PC1*)","DMDEDUC2High School Grad/GED or Equivalent",-19.8106701869789,13.4536671996505,-1.47251079523459,0.141023852698287
5,"ETS (PC1*)","DMDEDUC2Some College or AA Degree",4.49339497378474,11.8242546505031,0.380015071275005,0.703969811086572
